chr,start,end
1_r,1,248387328
2_r,1,242696752
3_r,1,201105948
4_r,1,193574945
5_r,1,182045439
6_r,1,172126628
7_r,1,160567428
8_r,1,146259331
9_r,1,150617247
10_r,1,134758134
11_r,1,135127769
12_r,1,133324548
13_r,1,113566686
14_r,1,101161492
15_r,1,99753195
16_r,1,96330374
17_r,1,84276897
18_r,1,80542538
19_r,1,61707364
20_r,1,66210255
21_r,1,45090682
22_r,1,51324926
X_r,1,154259566
Y_r,1,62460029
Y_t,1,62460029
X_t,1,154259566
22_t,1,51324926
21_t,1,45090682
20_t,1,66210255
19_t,1,61707364
18_t,1,80542538
17_t,1,84276897
16_t,1,96330374
15_t,1,99753195
14_t,1,101161492
13_t,1,113566686
12_t,1,133324548
11_t,1,135127769
10_t,1,134758134
9_t,1,150617247
8_t,1,146259331
7_t,1,160567428
6_t,1,172126628
5_t,1,182045439
4_t,1,193574945
3_t,1,201105948
2_t,1,242696752
1_t,1,248387328
