chr	start	end	ID	liftoff	miniprot	lifton	method	mutation
CM033155.1	2032592	2036084	rna-XM_026443919.1	0.9765193370165746	0.0690571049136786	0.9779005524861878	LiftOn_chaining_algorithm	frameshift;stop_codon_gain
CM033155.1	2318092	2354814	rna-XM_006571679.3	0.127808287568647	0.127808287568647	0.6638842515303284	LiftOn_chaining_algorithm	frameshift;stop_codon_gain
CM033155.1	2318092	2325809	rna-XM_006571681.3	0.0422149122807017	0.0422149122807017	0.7373300370828183	LiftOn_chaining_algorithm	frameshift;start_lost;stop_codon_gain
CM033155.1	2318092	2357875	rna-XM_016915393.2	0.127808287568647	0.127808287568647	0.6638842515303284	LiftOn_chaining_algorithm	frameshift;stop_codon_gain
CM033155.1	2381008	2385685	rna-XM_003251724.4	0.0	0.0477001703577512	0.9300970873786408	LiftOn_chaining_algorithm	frameshift;start_lost;stop_codon_gain
CM033155.1	2944574	2953875	rna-XM_006571632.3	0.4983964079538165	0.4983964079538165	0.5394736842105263	LiftOn_chaining_algorithm	frameshift;stop_codon_gain
CM033155.1	3148175	3151467	rna-XM_026446320.1	0.9037199124726476	0.8824786324786325	0.9059080962800876	LiftOn_chaining_algorithm	frameshift;stop_codon_gain
CM033155.1	3235358	3237451	rna-XM_026446205.1	0.0489913544668587	0.0543130990415335	0.8274760383386581	LiftOn_chaining_algorithm	frameshift;stop_codon_gain
CM033155.1	3414541	3415353	rna-KEF36_p05	0.0065502183406113	0.0	0.0379464285714285	Liftoff_truncated	frameshift;start_lost;stop_codon_gain
CM033155.1	4911888	4920987	rna-XM_026443772.1	0.2348484848484848	0.2348484848484848	0.6695075757575758	LiftOn_chaining_algorithm	frameshift;stop_codon_gain
CM033155.1	6544968	6686440	rna-XM_003251682.4	0.8823529411764706	0.8613445378151261	0.9079229122055674	LiftOn_chaining_algorithm	frameshift;stop_codon_gain
CM033155.1	6543878	6686440	rna-XM_006571375.3	0.885480572597137	0.8813905930470347	0.9104166666666668	LiftOn_chaining_algorithm	frameshift;stop_codon_gain
CM033155.1	6543878	6686440	rna-XM_006571376.3	0.8777292576419214	0.8733624454148472	0.9042316258351892	LiftOn_chaining_algorithm	frameshift;stop_codon_gain
CM033155.1	6762496	7174351	rna-XM_026446488.1	0.0463424771404821	0.0463424771404821	0.9412455934195064	LiftOn_chaining_algorithm	frameshift;stop_codon_gain
CM033155.1	6762496	7174350	rna-XM_026446492.1	0.0460934270359652	0.0460934270359652	0.941134918766188	LiftOn_chaining_algorithm	frameshift;stop_codon_gain
CM033155.1	6762496	7174351	rna-XM_026446494.1	0.0464486565298896	0.0464486565298896	0.9410377358490566	LiftOn_chaining_algorithm	frameshift;stop_codon_gain
CM033155.1	6762496	7171675	rna-XM_026446495.1	0.0413620221433047	0.0413620221433047	0.946808510638298	LiftOn_chaining_algorithm	frameshift;stop_codon_gain
CM033155.1	6762496	7170458	rna-XM_026446496.1	0.0415622389306599	0.0405179615705931	0.9465847317419048	LiftOn_chaining_algorithm	frameshift;stop_codon_gain
CM033155.1	6762496	7174352	rna-XM_026446499.1	0.0467211397443955	0.0467211397443955	0.940828402366864	LiftOn_chaining_algorithm	frameshift;stop_codon_gain
CM033155.1	6762496	7174351	rna-XM_026446500.1	0.0467211397443955	0.0467211397443955	0.9407442521924628	LiftOn_chaining_algorithm	frameshift;stop_codon_gain
CM033155.1	6762496	7174351	rna-XM_026446501.1	0.0469078670593184	0.0469078670593184	0.940490359438229	LiftOn_chaining_algorithm	frameshift;stop_codon_gain
CM033155.1	6762496	7174351	rna-XM_026446504.1	0.0471159940840904	0.0471159940840904	0.940291378074994	LiftOn_chaining_algorithm	frameshift;stop_codon_gain
CM033155.1	6762496	7174350	rna-XM_026446508.1	0.047406462585034	0.047406462585034	0.9399903984637542	LiftOn_chaining_algorithm	frameshift;stop_codon_gain
CM033155.1	6762496	7174346	rna-XM_026446514.1	0.0520663086621527	0.0520663086621527	0.9343181218675812	LiftOn_chaining_algorithm	frameshift;stop_codon_gain
CM033155.1	9766624	9875015	rna-XM_026446135.1	0.5653904366836706	0.5653904366836706	0.5944719471947195	LiftOn_chaining_algorithm	frameshift;stop_codon_gain
CM033155.1	9766624	9874853	rna-XM_026446136.1	0.5652685880901649	0.5652685880901649	0.5943524140776986	LiftOn_chaining_algorithm	frameshift;stop_codon_gain
CM033155.1	9766624	9875015	rna-XM_026446137.1	0.5649758725171137	0.5649758725171137	0.5940652468880891	LiftOn_chaining_algorithm	frameshift;stop_codon_gain
CM033155.1	10267748	10269727	rna-XM_026446302.1	0.1852589641434263	0.1852589641434263	0.5876494023904383	LiftOn_chaining_algorithm	inframe_insertion;inframe_deletion;stop_codon_gain
CM033155.1	12210385	12222186	rna-XM_001121332.5	0.0	0.989010989010989	0.9933920704845814	LiftOn_chaining_algorithm	frameshift;stop_codon_gain
CM033155.1	12243032	12262591	rna-XM_026445266.1	0.1107491856677524	0.1107491856677524	0.6302521008403361	LiftOn_chaining_algorithm	frameshift;stop_codon_gain
CM033155.1	12243032	12262591	rna-XM_026445270.1	0.1093247588424437	0.1093247588424437	0.6275695284159613	LiftOn_chaining_algorithm	frameshift;stop_codon_gain
CM033155.1	12243032	12262573	rna-XM_026445271.1	0.1314432989690721	0.1314432989690721	0.5574712643678161	LiftOn_chaining_algorithm	frameshift;stop_codon_gain
CM033155.1	12945175	13019302	rna-XM_016917914.2	0.1393841166936791	0.1393841166936791	0.7116788321167883	LiftOn_chaining_algorithm	frameshift;stop_codon_gain
CM033155.1	13554402	13814170	rna-XM_001120512.5	0.9927849927849928	0.7272727272727273	0.9942279942279942	LiftOn_chaining_algorithm	frameshift
CM033155.1	13553071	13814170	rna-XM_026446248.1	0.9927849927849928	0.7272727272727273	0.9942279942279942	LiftOn_chaining_algorithm	frameshift
CM033155.1	13553071	13814170	rna-XM_026446249.1	0.9927849927849928	0.7272727272727273	0.9942279942279942	LiftOn_chaining_algorithm	frameshift
CM033155.1	17006954	17095584	rna-XM_006569611.3	0.0381861575178997	0.0381861575178997	0.928763440860215	LiftOn_chaining_algorithm	frameshift;stop_codon_gain
CM033155.1	17007117	17095584	rna-XM_026446342.1	0.0381861575178997	0.0381861575178997	0.928763440860215	LiftOn_chaining_algorithm	frameshift;stop_codon_gain
CM033155.1	17181562	17196494	rna-XM_003251362.4	0.1513622603430877	0.1513622603430877	0.7098976109215017	LiftOn_chaining_algorithm	frameshift;stop_codon_gain
CM033155.1	17181568	17196494	rna-XM_006569634.3	0.1513622603430877	0.1513622603430877	0.7098976109215017	LiftOn_chaining_algorithm	frameshift;stop_codon_gain
CM033155.1	17181567	17196494	rna-XM_006569635.3	0.1513622603430877	0.1513622603430877	0.7098976109215017	LiftOn_chaining_algorithm	frameshift;stop_codon_gain
CM033155.1	17181567	17196494	rna-XM_006569636.3	0.1513622603430877	0.1513622603430877	0.7098976109215017	LiftOn_chaining_algorithm	frameshift;stop_codon_gain
CM033155.1	17309692	17321293	rna-XM_016917853.2	0.9896907216494846	0.979591836734694	1.0	LiftOn_chaining_algorithm	frameshift;stop_codon_gain
CM033155.1	17377441	17386112	rna-XM_026440134.1	0.5686059275521405	0.556390977443609	0.6063084112149533	LiftOn_chaining_algorithm	frameshift;stop_codon_gain
CM033155.1	17380161	17389746	rna-XM_026440136.1	0.5686059275521405	0.556390977443609	0.6063084112149533	LiftOn_chaining_algorithm	frameshift;stop_codon_gain
CM033155.1	17380161	17389746	rna-XM_026440143.1	0.5879682179341658	0.5749167591564928	0.6306196840826246	LiftOn_chaining_algorithm	frameshift;stop_codon_gain
CM033155.1	17430366	17433029	rna-XM_006568606.3	0.8935860058309038	0.8935860058309038	0.9070796460176992	LiftOn_chaining_algorithm	frameshift;stop_codon_gain
CM033155.1	19102098	19115226	rna-XM_016917743.2	0.5985772357723578	0.5866533864541833	0.6506550218340611	LiftOn_chaining_algorithm	frameshift;stop_codon_gain
CM033155.1	19102098	19115225	rna-XM_396802.7	0.6065737051792829	0.6065737051792829	0.6581196581196581	LiftOn_chaining_algorithm	frameshift;stop_codon_gain
CM033155.1	19877895	19879030	rna-XM_026444074.1	0.0862068965517241	0.0862068965517241	0.1189024390243902	LiftOn_chaining_algorithm	frameshift;stop_codon_gain
CM033155.1	20028675	20032990	rna-XM_392145.7	0.2382310984308131	0.2382310984308131	0.6061093247588425	LiftOn_chaining_algorithm	frameshift;stop_codon_gain
CM033155.1	20033878	20036784	rna-XM_394210.7	0.7413249211356467	0.7413249211356467	0.7560192616372392	LiftOn_chaining_algorithm	frameshift;stop_codon_gain
CM033155.1	20038135	20039609	rna-XM_006567945.3	0.3603603603603603	0.3603603603603603	0.4029126213592233	LiftOn_chaining_algorithm	frameshift;stop_codon_gain
CM033155.1	20861230	20865011	rna-XM_001122304.5	0.7864693446088795	0.7843551797040169	0.8173913043478261	LiftOn_chaining_algorithm	frameshift;stop_codon_gain
CM033155.1	21827765	21831103	rna-XM_623549.6	0.003257328990228	0.6494845360824743	0.6935483870967742	LiftOn_chaining_algorithm	inframe_insertion;inframe_deletion;stop_codon_gain
CM033155.1	22005914	22026438	rna-XM_016911842.2	0.0413223140495867	0.0413223140495867	0.96875	LiftOn_chaining_algorithm	frameshift;start_lost;stop_codon_gain
CM033155.1	22297396	22318195	rna-XM_016911869.2	0.7881548974943052	0.785876993166287	0.8158508158508159	LiftOn_chaining_algorithm	frameshift;stop_codon_gain
CM033155.1	22297396	22318195	rna-XM_016911875.2	0.7881548974943052	0.785876993166287	0.8158508158508159	LiftOn_chaining_algorithm	frameshift;stop_codon_gain
CM033155.1	22226127	22276475	rna-XM_016911847.2	0.6275021758050479	0.6275021758050479	0.6569872958257713	LiftOn_chaining_algorithm	frameshift;stop_codon_gain
CM033155.1	22226127	22276476	rna-XM_016911850.2	0.6268526591107236	0.6268526591107236	0.6563636363636364	LiftOn_chaining_algorithm	frameshift;stop_codon_gain
CM033155.1	22226124	22276477	rna-XM_016911857.2	0.6124661246612466	0.6124661246612466	0.6424528301886793	LiftOn_chaining_algorithm	frameshift;stop_codon_gain
CM033155.1	22226127	22276475	rna-XM_026446011.1	0.6275021758050479	0.6275021758050479	0.6569872958257713	LiftOn_chaining_algorithm	frameshift;stop_codon_gain
CM033155.1	22226128	22276475	rna-XM_026446012.1	0.6091324200913242	0.6091324200913242	0.6393129770992366	LiftOn_chaining_algorithm	frameshift;stop_codon_gain
CM033155.1	22226128	22271236	rna-XM_026446013.1	0.7425334706488157	0.7425334706488157	0.7669491525423728	LiftOn_chaining_algorithm	frameshift;stop_codon_gain
CM033155.1	22855915	22858584	rna-XM_026445150.1	0.4472049689440994	0.3891891891891892	0.45625	LiftOn_chaining_algorithm	frameshift;stop_codon_gain
CM033155.1	22976917	22984765	rna-XM_026446264.1	0.1076011846001974	0.0984095427435387	0.5634365634365635	LiftOn_chaining_algorithm	inframe_insertion;inframe_deletion;stop_codon_gain
CM033155.1	22994458	22996751	rna-XM_026440705.1	0.9477611940298508	0.9402985074626866	0.9552238805970148	LiftOn_chaining_algorithm	frameshift;stop_codon_gain
CM033155.1	23583077	23607294	rna-XM_026446054.1	0.0735009671179884	0.0735009671179884	0.6666666666666666	LiftOn_chaining_algorithm	frameshift;stop_codon_gain
CM033155.1	23608462	23611288	rna-XM_623298.6	0.994074074074074	0.6866952789699571	0.9955555555555556	LiftOn_chaining_algorithm	frameshift;stop_missing
CM033155.1	23648663	23663208	rna-XM_001123187.5	0.6068965517241379	0.6068965517241379	0.6429872495446266	LiftOn_chaining_algorithm	frameshift;stop_codon_gain
CM033155.1	23648663	23663208	rna-XM_006562510.3	0.6068965517241379	0.6068965517241379	0.6429872495446266	LiftOn_chaining_algorithm	frameshift;stop_codon_gain
CM033155.1	23648663	23654707	rna-XM_006562511.3	0.5854545454545454	0.5781818181818181	0.6223506743737958	LiftOn_chaining_algorithm	frameshift;stop_codon_gain
CM033155.1	23648663	23662029	rna-XM_006562512.3	0.580110497237569	0.580110497237569	0.6171875	LiftOn_chaining_algorithm	frameshift;stop_codon_gain
CM033155.1	23648663	23659560	rna-XM_006562513.3	0.580110497237569	0.580110497237569	0.6171875	LiftOn_chaining_algorithm	frameshift;stop_codon_gain
CM033155.1	23648663	23654435	rna-XM_006562515.3	0.580110497237569	0.580110497237569	0.6171875	LiftOn_chaining_algorithm	frameshift;stop_codon_gain
CM033155.1	23648663	23659560	rna-XM_006562516.3	0.580110497237569	0.580110497237569	0.6171875	LiftOn_chaining_algorithm	frameshift;stop_codon_gain
CM033155.1	23648663	23659559	rna-XM_026438946.1	0.580110497237569	0.580110497237569	0.6171875	LiftOn_chaining_algorithm	frameshift;stop_codon_gain
CM033155.1	23883015	23886039	rna-XM_026446262.1	0.2727272727272727	0.2727272727272727	0.6781818181818182	LiftOn_chaining_algorithm	inframe_deletion;stop_codon_gain
CM033155.1	24048878	24053898	rna-XM_026445754.1	0.9868913857677902	0.9831144465290806	0.9887429643527204	LiftOn_chaining_algorithm	frameshift;stop_missing
CM033156.1	151795	175805	rna-XM_393616.7	0.384446878422782	0.3789704271631982	0.4327485380116959	LiftOn_chaining_algorithm	frameshift;stop_codon_gain
CM033156.1	319411	393715	rna-XM_026438880.1	0.9955905511811024	0.147312230754823	0.9959055118110236	LiftOn_chaining_algorithm	frameshift
CM033156.1	319411	393715	rna-XM_026438881.1	0.995485564304462	0.1443049744304974	0.9955905511811024	LiftOn_chaining_algorithm	frameshift
CM033156.1	319411	393715	rna-XM_026438884.1	0.9953805774278216	0.150997948144003	0.9956955380577428	LiftOn_chaining_algorithm	frameshift
CM033156.1	319411	393715	rna-XM_026438893.1	0.995362074417624	0.2310740354535975	0.9958891114156214	LiftOn_chaining_algorithm	frameshift
CM033156.1	421735	454342	rna-XM_026446351.1	0.8042918454935623	0.7035472972972973	0.8241710296684118	LiftOn_chaining_algorithm	frameshift;stop_codon_gain
CM033156.1	421735	454342	rna-XM_026446352.1	0.8012205754141238	0.6989708404802745	0.8213652482269503	LiftOn_chaining_algorithm	frameshift;stop_codon_gain
CM033156.1	421735	454277	rna-XM_026446353.1	0.8007863695937091	0.6983240223463687	0.8209684584629053	LiftOn_chaining_algorithm	frameshift;stop_codon_gain
CM033156.1	421735	454341	rna-XM_026446354.1	0.7980513728963685	0.6942508710801394	0.8184684684684684	LiftOn_chaining_algorithm	frameshift;stop_codon_gain
CM033156.1	421735	454342	rna-XM_026446356.1	0.8028356225077536	0.7117827420061322	0.8240866035182679	LiftOn_chaining_algorithm	frameshift;stop_codon_gain
CM033156.1	421735	454341	rna-XM_026446357.1	0.7993840739111306	0.7090039147455416	0.8196868008948546	LiftOn_chaining_algorithm	frameshift;stop_codon_gain
CM033156.1	789218	807145	rna-XM_006568780.3	0.0189573459715639	0.0189573459715639	0.8867924528301887	LiftOn_chaining_algorithm	frameshift;stop_codon_gain
CM033156.1	789218	809969	rna-XM_006568781.3	0.0189573459715639	0.0189573459715639	0.8867924528301887	LiftOn_chaining_algorithm	frameshift;stop_codon_gain
CM033156.1	789218	809969	rna-XM_006568782.3	0.0189573459715639	0.0189573459715639	0.8867924528301887	LiftOn_chaining_algorithm	frameshift;stop_codon_gain
CM033156.1	789218	807145	rna-XM_016910768.2	0.0189573459715639	0.0189573459715639	0.8867924528301887	LiftOn_chaining_algorithm	frameshift;stop_codon_gain
CM033156.1	789218	807145	rna-XM_016910769.2	0.0189573459715639	0.0189573459715639	0.8867924528301887	LiftOn_chaining_algorithm	frameshift;stop_codon_gain
CM033156.1	789218	807145	rna-XM_016910770.2	0.0189573459715639	0.0189573459715639	0.8867924528301887	LiftOn_chaining_algorithm	frameshift;stop_codon_gain
CM033156.1	789218	807145	rna-XM_016910771.2	0.0189573459715639	0.0189573459715639	0.8867924528301887	LiftOn_chaining_algorithm	frameshift;stop_codon_gain
CM033156.1	789218	807145	rna-XM_016910773.2	0.0189573459715639	0.0189573459715639	0.8867924528301887	LiftOn_chaining_algorithm	frameshift;stop_codon_gain
CM033156.1	789218	807145	rna-XM_016910774.2	0.0189573459715639	0.0189573459715639	0.8867924528301887	LiftOn_chaining_algorithm	frameshift;stop_codon_gain
CM033156.1	870142	874932	rna-XM_392611.7	0.6453900709219859	0.6453900709219859	0.6860986547085202	LiftOn_chaining_algorithm	frameshift;stop_codon_gain
CM033156.1	1063764	1073558	rna-XM_006568826.3	0.3297442799461642	0.7916666666666666	0.840620592383639	LiftOn_chaining_algorithm	frameshift;stop_codon_gain
CM033156.1	1063764	1073558	rna-XM_006568827.3	0.3297442799461642	0.7916666666666666	0.840620592383639	LiftOn_chaining_algorithm	frameshift;stop_codon_gain
CM033156.1	1063764	1073558	rna-XM_006568828.3	0.3297442799461642	0.7916666666666666	0.840620592383639	LiftOn_chaining_algorithm	frameshift;stop_codon_gain
CM033156.1	1063764	1073558	rna-XM_006568830.3	0.3297442799461642	0.7916666666666666	0.840620592383639	LiftOn_chaining_algorithm	frameshift;stop_codon_gain
CM033156.1	1063764	1073558	rna-XM_006568831.3	0.3297442799461642	0.7916666666666666	0.840620592383639	LiftOn_chaining_algorithm	frameshift;stop_codon_gain
CM033156.1	1063772	1073558	rna-XM_006568832.3	0.3342428376534788	0.7888283378746594	0.8383404864091559	LiftOn_chaining_algorithm	frameshift;stop_codon_gain
CM033156.1	1063764	1073558	rna-XM_016910675.2	0.3297442799461642	0.7916666666666666	0.840620592383639	LiftOn_chaining_algorithm	frameshift;stop_codon_gain
CM033156.1	1066684	1073558	rna-XM_026439097.1	0.2373660030627871	0.7629969418960245	0.8174474959612278	LiftOn_chaining_algorithm	frameshift;stop_codon_gain
CM033156.1	1683251	1690998	rna-XM_003251235.4	0.541374474053296	0.541374474053296	0.5765230312035661	LiftOn_chaining_algorithm	frameshift;stop_codon_gain
CM033156.1	1683251	1690999	rna-XM_016910927.2	0.5398686679174484	0.5398686679174484	0.5750497017892644	LiftOn_chaining_algorithm	frameshift;stop_codon_gain
CM033156.1	2094316	2101048	rna-XM_006568929.3	0.3373493975903614	0.3373493975903614	0.5974025974025974	LiftOn_chaining_algorithm	frameshift;stop_codon_gain
CM033156.1	2094314	2101048	rna-XM_006568930.3	0.3373493975903614	0.3373493975903614	0.5974025974025974	LiftOn_chaining_algorithm	frameshift;stop_codon_gain
CM033156.1	2098155	2101048	rna-XM_006568932.3	0.3373493975903614	0.3373493975903614	0.5974025974025974	LiftOn_chaining_algorithm	frameshift;stop_codon_gain
CM033156.1	2375071	2379970	rna-XM_006568970.3	0.281703775411423	0.281703775411423	0.5578602620087336	LiftOn_chaining_algorithm	frameshift;stop_codon_gain
CM033156.1	2435365	2449939	rna-XM_026439207.1	0.7291666666666666	0.71875	0.7857142857142857	LiftOn_chaining_algorithm	frameshift;stop_codon_gain
CM033156.1	5951762	5954588	rna-XM_016918039.2	0.9070796460176992	0.9048672566371682	0.9196428571428572	LiftOn_chaining_algorithm	frameshift;stop_codon_gain
CM033156.1	5951762	5954588	rna-XM_016918040.2	0.8987951807228916	0.8963855421686747	0.9124087591240876	LiftOn_chaining_algorithm	frameshift;stop_codon_gain
CM033156.1	5979772	5982354	rna-XM_026446346.1	0.0548245614035087	0.0550660792951541	0.8876651982378855	LiftOn_chaining_algorithm	frameshift;stop_codon_gain
CM033156.1	5979737	5982354	rna-XM_026446347.1	0.0558035714285714	0.0558035714285714	0.921875	LiftOn_chaining_algorithm	frameshift;stop_codon_gain
CM033156.1	5998839	6001278	rna-XM_003250702.4	0.5747126436781609	0.5747126436781609	0.6167076167076168	LiftOn_chaining_algorithm	frameshift;stop_codon_gain
CM033156.1	6076618	6079201	rna-XM_016918031.2	0.9248434237995824	0.9248434237995824	0.92901878914405	LiftOn_chaining_algorithm	frameshift;stop_codon_gain
CM033156.1	6076618	6079201	rna-XM_016918032.2	0.9212253829321664	0.9212253829321664	0.925601750547046	LiftOn_chaining_algorithm	frameshift;stop_codon_gain
CM033156.1	10396004	10397898	rna-XM_394370.5	0.1774744027303754	0.1774744027303754	0.2121212121212121	LiftOn_chaining_algorithm	frameshift;stop_codon_gain
CM033156.1	10573049	10581000	rna-XM_016910921.2	0.243362831858407	0.243362831858407	0.7002457002457002	LiftOn_chaining_algorithm	frameshift;stop_codon_gain
CM033156.1	14402765	14414734	rna-XM_026439034.1	0.3676880222841225	0.3676880222841225	0.3788300835654596	LiftOn_chaining_algorithm	frameshift;start_lost
CM033156.1	16039234	16081013	rna-XM_026438976.1	0.3523884103367267	0.3523884103367267	0.5560235888795282	LiftOn_chaining_algorithm	frameshift;stop_codon_gain
CM033157.1	1419193	1422419	rna-XM_623916.6	0.9985185185185184	0.0487106017191977	1.0	LiftOn_chaining_algorithm	frameshift;stop_missing
CM033157.1	1578348	1582117	rna-XM_026439651.1	0.3680555555555556	0.4213836477987421	0.5	LiftOn_chaining_algorithm	frameshift;stop_codon_gain
CM033157.1	1796058	1801149	rna-NM_001112670.1	0.3302564102564103	0.3302564102564103	0.6158940397350994	LiftOn_chaining_algorithm	frameshift;stop_codon_gain
CM033157.1	1795703	1801073	rna-XM_006568384.3	0.0284926470588235	0.0284926470588235	0.577639751552795	LiftOn_chaining_algorithm	frameshift;stop_codon_gain
CM033157.1	1759617	1800761	rna-XM_006568385.3	0.3476523476523476	0.3476523476523476	0.5987124463519313	LiftOn_chaining_algorithm	frameshift;stop_codon_gain
CM033157.1	1787508	1800761	rna-XM_006568386.3	0.3423967774420947	0.3423967774420947	0.6038961038961039	LiftOn_chaining_algorithm	frameshift;stop_codon_gain
CM033157.1	1791090	1800761	rna-XM_006568387.3	0.3302564102564103	0.3302564102564103	0.6158940397350994	LiftOn_chaining_algorithm	frameshift;stop_codon_gain
CM033157.1	1769266	1800761	rna-XM_006568388.2	0.3489531405782652	0.3489531405782652	0.5974304068522484	LiftOn_chaining_algorithm	frameshift;stop_codon_gain
CM033157.1	1794268	1800761	rna-XM_026439354.1	0.3302564102564103	0.3302564102564103	0.6158940397350994	LiftOn_chaining_algorithm	frameshift;stop_codon_gain
CM033157.1	1789555	1800761	rna-XM_026439355.1	0.3302564102564103	0.3302564102564103	0.6158940397350994	LiftOn_chaining_algorithm	frameshift;stop_codon_gain
CM033157.1	1914059	1925732	rna-XM_006568419.3	0.7914218566392479	0.7914218566392479	0.8150602409638554	LiftOn_chaining_algorithm	frameshift;stop_codon_gain
CM033157.1	1914059	1925733	rna-XM_016911084.2	0.7912992357436802	0.7912992357436802	0.814948764315853	LiftOn_chaining_algorithm	frameshift;stop_codon_gain
CM033157.1	1914059	1925731	rna-XM_016911085.2	0.7879330943847073	0.7879330943847073	0.8118872549019608	LiftOn_chaining_algorithm	frameshift;stop_codon_gain
CM033157.1	1914059	1927130	rna-XM_016911086.2	0.7866586538461539	0.7836538461538461	0.810727496917386	LiftOn_chaining_algorithm	frameshift;stop_codon_gain
CM033157.1	1914059	1925565	rna-XM_016911087.2	0.7864019253910951	0.7864019253910951	0.8104938271604938	LiftOn_chaining_algorithm	frameshift;stop_codon_gain
CM033157.1	2654703	2869788	rna-XM_006567988.3	0.9910679611650486	0.9647969052224372	0.9914563106796116	LiftOn_chaining_algorithm	frameshift;stop_codon_gain
CM033157.1	5603690	5605739	rna-XM_395400.7	0.0396396396396396	0.0392156862745098	0.7067510548523207	LiftOn_chaining_algorithm	frameshift;stop_codon_gain
CM033157.1	7535482	7643955	rna-XM_026439658.1	0.6058243859391087	0.1161567215838294	0.6323506871711031	LiftOn_chaining_algorithm	frameshift;stop_codon_gain
CM033157.1	7535482	7643712	rna-XM_026439659.1	0.6058540890370661	0.1161620823333948	0.6323829961169017	LiftOn_chaining_algorithm	frameshift;stop_codon_gain
CM033157.1	7535482	7643712	rna-XM_026439660.1	0.605301914580265	0.1163769188089513	0.6318428322930523	LiftOn_chaining_algorithm	frameshift;stop_codon_gain
CM033157.1	7535482	7643712	rna-XM_026439661.1	0.6097404519885522	0.1167169023881289	0.6343926191696566	LiftOn_chaining_algorithm	frameshift;stop_codon_gain
CM033157.1	7535482	7643712	rna-XM_026439662.1	0.6034525277435265	0.1111523645983199	0.6300447277774922	LiftOn_chaining_algorithm	frameshift;stop_codon_gain
CM033157.1	7535482	7643711	rna-XM_026439663.1	0.5798881513615219	0.1296487071185742	0.6070784859904965	LiftOn_chaining_algorithm	frameshift;stop_codon_gain
CM033157.1	7535482	7643711	rna-XM_026439664.1	0.5840419947506562	0.1311620635747785	0.6115439482058598	LiftOn_chaining_algorithm	frameshift;stop_codon_gain
CM033157.1	7535482	7643711	rna-XM_026439665.1	0.5782414307004471	0.1329775993237531	0.605878423513694	LiftOn_chaining_algorithm	frameshift;stop_codon_gain
CM033157.1	9822514	9827956	rna-XM_026439747.1	0.1273148148148148	0.1273148148148148	0.8078703703703703	LiftOn_chaining_algorithm	frameshift;stop_codon_gain
CM033157.1	10362178	10464257	rna-NM_001011631.1	0.653781512605042	0.653781512605042	0.7153153153153153	LiftOn_chaining_algorithm	frameshift;stop_codon_gain
CM033157.1	10318178	10467152	rna-XM_006558371.3	0.6698717948717948	0.6698717948717948	0.7294520547945206	LiftOn_chaining_algorithm	frameshift;stop_codon_gain
CM033157.1	10330616	10467152	rna-XM_006558372.3	0.6698717948717948	0.6698717948717948	0.7294520547945206	LiftOn_chaining_algorithm	frameshift;stop_codon_gain
CM033157.1	10318178	10467152	rna-XM_006558373.3	0.6698717948717948	0.6698717948717948	0.7294520547945206	LiftOn_chaining_algorithm	frameshift;stop_codon_gain
CM033157.1	10361931	10467152	rna-XM_006558374.3	0.6698717948717948	0.6698717948717948	0.7294520547945206	LiftOn_chaining_algorithm	frameshift;stop_codon_gain
CM033157.1	10330616	10467152	rna-XM_006558375.3	0.6693418940609952	0.6693418940609952	0.7289879931389366	LiftOn_chaining_algorithm	frameshift;stop_codon_gain
CM033157.1	10330617	10467152	rna-XM_006558376.3	0.6666666666666666	0.6666666666666666	0.726643598615917	LiftOn_chaining_algorithm	frameshift;stop_codon_gain
CM033157.1	10318184	10467152	rna-XM_006558377.3	0.6666666666666666	0.6666666666666666	0.726643598615917	LiftOn_chaining_algorithm	frameshift;stop_codon_gain
CM033157.1	10330617	10467152	rna-XM_006558378.3	0.6661264181523501	0.6661264181523501	0.7261698440207972	LiftOn_chaining_algorithm	frameshift;stop_codon_gain
CM033157.1	10417606	10467152	rna-XM_006558379.3	0.6261343012704175	0.6261343012704175	0.6908023483365949	LiftOn_chaining_algorithm	frameshift;stop_codon_gain
CM033157.1	10330616	10467152	rna-XM_026439308.1	0.6698717948717948	0.6698717948717948	0.7294520547945206	LiftOn_chaining_algorithm	frameshift;stop_codon_gain
CM033157.1	10756623	10804334	rna-XM_026439828.1	0.0853391684901531	0.0898617511520737	0.8498727735368957	LiftOn_chaining_algorithm	frameshift;stop_codon_gain
CM033157.1	10756623	10804334	rna-XM_026439829.1	0.0853391684901531	0.0898617511520737	0.8498727735368957	LiftOn_chaining_algorithm	frameshift;stop_codon_gain
CM033157.1	11502600	11587569	rna-XM_026439533.1	0.9762962962962964	0.9762962962962964	0.9792284866468842	LiftOn_chaining_algorithm	frameshift;stop_codon_gain
CM033157.1	11502600	11587569	rna-XM_026439534.1	0.9750778816199376	0.9750778816199376	0.9781591263650546	LiftOn_chaining_algorithm	frameshift;stop_codon_gain
CM033157.1	11833363	11836377	rna-XM_006568485.3	0.4068376068376068	0.4068376068376068	0.5743589743589743	LiftOn_chaining_algorithm	frameshift;stop_codon_gain
CM033157.1	13028311	13031784	rna-XM_026439634.1	0.7213114754098361	0.7142857142857143	0.7679012345679013	LiftOn_chaining_algorithm	frameshift;stop_codon_gain
CM033158.1	2031427	2035257	rna-XM_026440388.1	0.2	0.0	0.2204968944099379	Liftoff_truncated	frameshift;stop_codon_gain
CM033158.1	2031427	2035139	rna-XM_026440389.1	0.2	0.0	0.2204968944099379	Liftoff_truncated	frameshift;stop_codon_gain
CM033158.1	3815511	3885438	rna-XM_006558675.3	0.9865319865319864	0.9865319865319864	0.98989898989899	LiftOn_chaining_algorithm	inframe_deletion;stop_codon_gain
CM033158.1	6006467	6009380	rna-XM_006561964.3	0.3798627002288329	0.0	0.5487179487179488	Liftoff_truncated	frameshift;stop_codon_gain
CM033158.1	7128352	7308996	rna-XM_026440399.1	0.6287878787878788	0.6287878787878788	0.6511627906976745	LiftOn_chaining_algorithm	frameshift;stop_codon_gain
CM033158.1	8904002	8906951	rna-XM_026440027.1	0.6916221033868093	0.0585365853658536	0.7190388170055453	LiftOn_chaining_algorithm	frameshift;stop_codon_gain
CM033158.1	10277463	10282366	rna-XM_026440032.1	0.1739130434782608	0.1739130434782608	0.5490196078431373	LiftOn_chaining_algorithm	frameshift;stop_codon_gain
CM033158.1	12220319	12288641	rna-XM_026440321.1	0.4116613979627678	0.0864945014209811	0.5328685258964143	LiftOn_chaining_algorithm	frameshift;stop_codon_gain
CM033158.1	12289349	12300195	rna-XM_026440326.1	0.9731768650461022	0.91900826446281	0.973993288590604	LiftOn_chaining_algorithm	frameshift;stop_codon_gain
CM033159.1	4879495	4889628	rna-XM_026440984.1	0.917686318131257	0.917686318131257	0.9301801801801802	LiftOn_chaining_algorithm	frameshift;stop_codon_gain
CM033159.1	5676470	5721443	rna-XM_026440948.1	0.4414357682619647	0.4414357682619647	0.5150918635170604	LiftOn_chaining_algorithm	frameshift;stop_codon_gain
CM033159.1	5676470	5721443	rna-XM_026440949.1	0.4371827411167512	0.4371827411167512	0.5191798941798942	LiftOn_chaining_algorithm	frameshift;stop_codon_gain
CM033159.1	5683783	5721443	rna-XM_026440950.1	0.4371827411167512	0.4371827411167512	0.5191798941798942	LiftOn_chaining_algorithm	frameshift;stop_codon_gain
CM033159.1	5676649	5721443	rna-XM_026440951.1	0.4357506361323155	0.4357506361323155	0.5205570291777188	LiftOn_chaining_algorithm	frameshift;stop_codon_gain
CM033159.1	5676543	5721443	rna-XM_026440952.1	0.4357506361323155	0.4357506361323155	0.5205570291777188	LiftOn_chaining_algorithm	frameshift;stop_codon_gain
CM033159.1	5684804	5721443	rna-XM_026440953.1	0.435031847133758	0.435031847133758	0.5212483399734396	LiftOn_chaining_algorithm	frameshift;stop_codon_gain
CM033159.1	5676649	5721443	rna-XM_026440954.1	0.4314102564102564	0.4314102564102564	0.5247326203208557	LiftOn_chaining_algorithm	frameshift;stop_codon_gain
CM033159.1	5676470	5721443	rna-XM_026440955.1	0.4534282018111255	0.4534282018111255	0.5026917900403769	LiftOn_chaining_algorithm	frameshift;stop_codon_gain
CM033159.1	5676470	5721443	rna-XM_026440956.1	0.4270025839793281	0.4270025839793281	0.5289757412398922	LiftOn_chaining_algorithm	frameshift;stop_codon_gain
CM033159.1	5676470	5721443	rna-XM_026440957.1	0.4695244474212994	0.4695244474212994	0.4954449894884373	LiftOn_chaining_algorithm	frameshift;stop_codon_gain
CM033159.1	5676470	5721443	rna-XM_026440958.1	0.4834482758620689	0.4834482758620689	0.5089992800575954	LiftOn_chaining_algorithm	frameshift;stop_codon_gain
CM033159.1	5694924	5721443	rna-XM_026440959.1	0.3857340720221606	0.3843490304709141	0.5688405797101449	LiftOn_chaining_algorithm	frameshift;stop_codon_gain
CM033159.1	5697294	5721443	rna-XM_026440960.1	0.3757916959887403	0.3757916959887403	0.578481945467944	LiftOn_chaining_algorithm	frameshift;stop_codon_gain
CM033159.1	5703116	5721443	rna-XM_026440961.1	0.3572463768115942	0.3572463768115942	0.5965045592705167	LiftOn_chaining_algorithm	frameshift;stop_codon_gain
CM033159.1	6275521	6350216	rna-XM_026440937.1	0.5875	0.5875	0.6397849462365591	LiftOn_chaining_algorithm	frameshift;stop_codon_gain
CM033159.1	6274125	6350216	rna-XM_026440938.1	0.5875	0.5875	0.6397849462365591	LiftOn_chaining_algorithm	frameshift;stop_codon_gain
CM033159.1	6279527	6350216	rna-XM_026440939.1	0.5875	0.5875	0.6397849462365591	LiftOn_chaining_algorithm	frameshift;stop_codon_gain
CM033159.1	6297286	6350216	rna-XM_026440940.1	0.5875	0.5875	0.6397849462365591	LiftOn_chaining_algorithm	frameshift;stop_codon_gain
CM033159.1	6297286	6350216	rna-XM_026440941.1	0.5875	0.5875	0.6397849462365591	LiftOn_chaining_algorithm	frameshift;stop_codon_gain
CM033159.1	6297286	6350216	rna-XM_026440942.1	0.5875	0.5875	0.6397849462365591	LiftOn_chaining_algorithm	frameshift;stop_codon_gain
CM033159.1	6276556	6350216	rna-XM_026440943.1	0.5875	0.5875	0.6397849462365591	LiftOn_chaining_algorithm	frameshift;stop_codon_gain
CM033159.1	6972368	6977090	rna-XM_397131.7	0.3325925925925926	0.3246565437454808	0.5742251223491027	LiftOn_chaining_algorithm	frameshift;stop_codon_gain
CM033159.1	10245437	10311637	rna-XM_006567774.3	0.1460481099656357	0.1460481099656357	0.1814516129032258	LiftOn_chaining_algorithm	frameshift;stop_codon_gain
CM033159.1	10245437	10333761	rna-XM_016912122.2	0.3219645293315143	0.3219645293315143	0.3724884080370942	LiftOn_chaining_algorithm	frameshift;stop_codon_gain
CM033159.1	10384427	10386332	rna-XM_026441051.1	0.216	0.216	0.6822429906542056	LiftOn_chaining_algorithm	frameshift;stop_codon_gain
CM033159.1	10890759	10907484	rna-XM_026440555.1	0.4799521244763615	0.4739952718676123	0.5104496516782774	LiftOn_chaining_algorithm	frameshift;stop_codon_gain
CM033159.1	10892689	10907484	rna-XM_026440556.1	0.4799521244763615	0.4739952718676123	0.5104496516782774	LiftOn_chaining_algorithm	frameshift;stop_codon_gain
CM033159.1	10890738	10907484	rna-XM_026440557.1	0.4799521244763615	0.4739952718676123	0.5104496516782774	LiftOn_chaining_algorithm	frameshift;stop_codon_gain
CM033159.1	11635542	11648948	rna-XM_026440798.1	0.0529801324503311	0.0520043336944745	0.745049504950495	LiftOn_chaining_algorithm	frameshift;stop_codon_gain
CM033159.1	11635544	11648948	rna-XM_026440799.1	0.0533333333333333	0.0523446019629225	0.7444168734491315	LiftOn_chaining_algorithm	frameshift;stop_codon_gain
CM033159.1	11635544	11648948	rna-XM_026440800.1	0.0501113585746102	0.0491803278688524	0.7525	LiftOn_chaining_algorithm	frameshift;stop_codon_gain
CM033159.1	11635546	11648948	rna-XM_624889.6	0.0504484304932735	0.0495049504950495	0.7518796992481203	LiftOn_chaining_algorithm	frameshift;stop_codon_gain
CM033159.1	11889548	11889951	rna-XM_026440713.1	0.0055555555555555	0.0	0.0203703703703703	Liftoff_truncated	frameshift;stop_missing
CM033159.1	13060700	13064621	rna-XM_026440708.1	0.3054298642533937	0.5935334872979214	0.6491228070175439	LiftOn_chaining_algorithm	inframe_insertion;inframe_deletion;stop_codon_gain
CM033159.1	13060700	13064827	rna-XM_026440709.1	0.3061224489795918	0.5976744186046512	0.6540404040404041	LiftOn_chaining_algorithm	frameshift;stop_codon_gain
CM033159.1	13340602	13345984	rna-XM_026440888.1	0.9987639060568604	0.4981458590852904	1.0	LiftOn_chaining_algorithm	synonymous
CM033159.1	13512503	13516913	rna-XM_026440758.1	0.1109510086455331	0.1066282420749279	0.8306188925081434	LiftOn_chaining_algorithm	frameshift;stop_codon_gain
CM033159.1	13512503	13516006	rna-XM_026440759.1	0.0804769001490312	0.0804769001490312	0.8629441624365483	LiftOn_chaining_algorithm	frameshift;stop_codon_gain
CM033159.1	13524492	13540460	rna-XM_016912113.2	0.1884422110552764	0.0559097596861206	0.7862679955703211	LiftOn_chaining_algorithm	frameshift;stop_codon_gain
CM033159.1	13525943	13540460	rna-XM_026440600.1	0.1884422110552764	0.0559097596861206	0.7862679955703211	LiftOn_chaining_algorithm	frameshift;stop_codon_gain
CM033159.1	13527904	13540460	rna-XM_026440601.1	0.1884422110552764	0.0559097596861206	0.7862679955703211	LiftOn_chaining_algorithm	frameshift;stop_codon_gain
CM033159.1	13525331	13540460	rna-XM_026440602.1	0.1884422110552764	0.0559097596861206	0.7862679955703211	LiftOn_chaining_algorithm	frameshift;stop_codon_gain
CM033159.1	13524764	13540460	rna-XM_026440604.1	0.1884422110552764	0.0559097596861206	0.7862679955703211	LiftOn_chaining_algorithm	frameshift;stop_codon_gain
CM033159.1	13571042	13602545	rna-XM_016912098.2	0.7104795737122558	0.7104795737122558	0.7243243243243244	LiftOn_chaining_algorithm	frameshift;stop_codon_gain
CM033159.1	13571042	13602545	rna-XM_016912099.2	0.7104795737122558	0.7104795737122558	0.7243243243243244	LiftOn_chaining_algorithm	frameshift;stop_codon_gain
CM033159.1	13571042	13602545	rna-XM_016912100.2	0.7104795737122558	0.7104795737122558	0.7243243243243244	LiftOn_chaining_algorithm	frameshift;stop_codon_gain
CM033159.1	13571042	13602545	rna-XM_016912101.2	0.7104795737122558	0.7104795737122558	0.7243243243243244	LiftOn_chaining_algorithm	frameshift;stop_codon_gain
CM033159.1	13571042	13602545	rna-XM_016912103.2	0.7104795737122558	0.7104795737122558	0.7243243243243244	LiftOn_chaining_algorithm	frameshift;stop_codon_gain
CM033159.1	13571042	13602544	rna-XM_016912104.2	0.7104795737122558	0.7104795737122558	0.7243243243243244	LiftOn_chaining_algorithm	frameshift;stop_codon_gain
CM033159.1	13571042	13602545	rna-XM_026440612.1	0.7104795737122558	0.7104795737122558	0.7243243243243244	LiftOn_chaining_algorithm	frameshift;stop_codon_gain
CM033160.1	843223	856082	rna-XM_006570881.3	0.9669811320754716	0.223731884057971	0.9679245283018868	LiftOn_chaining_algorithm	frameshift;stop_codon_gain
CM033160.1	843221	856082	rna-XM_006570882.3	0.9665711556829036	0.226397800183318	0.9675262655205348	LiftOn_chaining_algorithm	frameshift;stop_codon_gain
CM033160.1	843214	856082	rna-XM_016912596.2	0.9672591206735268	0.2219227313566936	0.9681945743685688	LiftOn_chaining_algorithm	frameshift;stop_codon_gain
CM033160.1	832954	856082	rna-XM_016912597.2	0.9659863945578232	0.1929170549860205	0.966958211856171	LiftOn_chaining_algorithm	frameshift;stop_codon_gain
CM033160.1	843240	856082	rna-XM_016912598.2	0.9627263045793396	0.1180061037639877	0.9637912673056444	LiftOn_chaining_algorithm	frameshift;stop_codon_gain
CM033160.1	843213	856082	rna-XM_026441463.1	0.9672591206735268	0.2219227313566936	0.9681945743685688	LiftOn_chaining_algorithm	frameshift;stop_codon_gain
CM033160.1	843213	856082	rna-XM_026441464.1	0.9672591206735268	0.2219227313566936	0.9681945743685688	LiftOn_chaining_algorithm	frameshift;stop_codon_gain
CM033160.1	1275242	1358710	rna-XM_016912683.2	0.0268817204301075	0.0268817204301075	0.90625	LiftOn_chaining_algorithm	frameshift;stop_codon_gain
CM033160.1	2310726	2382502	rna-XM_026441131.1	0.2594594594594595	0.2594594594594595	0.7766798418972332	LiftOn_chaining_algorithm	frameshift;stop_codon_gain
CM033160.1	4150128	4154321	rna-XM_016912938.2	0.0132231404958677	0.0132231404958677	0.9444444444444444	LiftOn_chaining_algorithm	frameshift;stop_codon_gain
CM033160.1	4460576	4462797	rna-XM_026441134.1	0.0397022332506203	0.0389294403892944	0.6504297994269341	LiftOn_chaining_algorithm	frameshift;stop_codon_gain
CM033160.1	5329237	5331706	rna-XM_624707.6	0.6702127659574468	0.6472602739726028	0.7191011235955056	LiftOn_chaining_algorithm	frameshift;stop_codon_gain
CM033160.1	8222273	8261233	rna-XM_026441401.1	0.0653061224489796	0.0629921259842519	0.8353293413173652	LiftOn_chaining_algorithm	frameshift;stop_codon_gain
CM033160.1	9035535	9043277	rna-XM_003250582.4	0.3432171979243884	0.3382030679327976	0.6063055780113177	LiftOn_chaining_algorithm	frameshift;stop_codon_gain
CM033160.1	9035535	9043277	rna-XM_006565403.3	0.3446745562130177	0.3396501457725947	0.6048387096774194	LiftOn_chaining_algorithm	frameshift;stop_codon_gain
CM033160.1	9035496	9043277	rna-XM_006565404.3	0.3446745562130177	0.3396501457725947	0.6048387096774194	LiftOn_chaining_algorithm	frameshift;stop_codon_gain
CM033160.1	9035535	9043277	rna-XM_006565406.3	0.3451851851851852	0.3401459854014598	0.6058158319870759	LiftOn_chaining_algorithm	frameshift;stop_codon_gain
CM033160.1	9035534	9043277	rna-XM_006565407.3	0.3437037037037037	0.3386861313868613	0.6058158319870759	LiftOn_chaining_algorithm	frameshift;stop_codon_gain
CM033160.1	9035535	9043277	rna-XM_006565408.3	0.3587374903772132	0.357088122605364	0.5871946082561078	LiftOn_chaining_algorithm	frameshift;stop_codon_gain
CM033160.1	9035865	9043277	rna-XM_026441168.1	0.3446745562130177	0.3396501457725947	0.6048387096774194	LiftOn_chaining_algorithm	frameshift;stop_codon_gain
CM033160.1	9035534	9043277	rna-XM_026441169.1	0.3437268002969562	0.3386978785662033	0.6072874493927125	LiftOn_chaining_algorithm	frameshift;stop_codon_gain
CM033160.1	9433972	9435911	rna-XM_006565413.3	0.3043478260869565	0.3043478260869565	0.3130434782608696	LiftOn_chaining_algorithm	frameshift;stop_codon_gain
CM033160.1	11850315	11858072	rna-XM_026441396.1	0.8561320754716981	0.8554502369668247	0.8642857142857143	LiftOn_chaining_algorithm	frameshift;stop_codon_gain
CM033160.1	12220635	12229528	rna-XM_006561263.3	0.2823604060913706	0.0074673304293715	0.6491116751269036	LiftOn_chaining_algorithm	frameshift;stop_codon_gain
CM033160.1	12375067	12533672	rna-XM_006561295.3	0.3759052007899934	0.3759052007899934	0.5021818181818182	LiftOn_chaining_algorithm	frameshift;stop_codon_gain
CM033160.1	12375067	12493871	rna-XM_006561296.3	0.422962962962963	0.422962962962963	0.4709443099273607	LiftOn_chaining_algorithm	frameshift;stop_codon_gain
CM033160.1	12375067	12522751	rna-XM_016912646.2	0.3893624275485851	0.3894952251023192	0.4931506849315068	LiftOn_chaining_algorithm	frameshift;stop_codon_gain
CM033160.1	14705100	14710465	rna-XM_026441265.1	0.523602033405955	0.5127659574468085	0.5352112676056338	LiftOn_chaining_algorithm	frameshift;stop_codon_gain
CM033160.1	14705100	14710452	rna-XM_026441266.1	0.4984709480122324	0.4854586129753915	0.51015625	LiftOn_chaining_algorithm	frameshift;stop_codon_gain
CM033161.1	1989233	1999738	rna-XM_393553.7	0.0309187279151943	0.0303030303030303	0.6150753768844222	LiftOn_chaining_algorithm	frameshift;stop_codon_gain
CM033161.1	2294763	2303062	rna-XM_394673.7	0.0094212651413189	0.7390745501285347	0.7612137203166227	LiftOn_chaining_algorithm	frameshift;stop_codon_gain
CM033161.1	2303202	2304076	rna-KEF36_p13	0.0057636887608069	0.0145772594752186	0.2664670658682634	LiftOn_chaining_algorithm	frameshift;stop_codon_gain
CM033161.1	5350234	5353757	rna-XM_026441900.1	0.34375	0.34375	0.3958333333333333	LiftOn_chaining_algorithm	frameshift;stop_codon_gain
CM033161.1	5414252	5622022	rna-XM_026441807.1	0.249042310506607	0.0829682959621806	0.5038017459870459	LiftOn_chaining_algorithm	frameshift;stop_codon_gain
CM033161.1	5414252	5622022	rna-XM_026441808.1	0.2489672977624784	0.0829431148109608	0.5038253931002112	LiftOn_chaining_algorithm	frameshift;stop_codon_gain
CM033161.1	5414252	5622022	rna-XM_026441809.1	0.2489776591623262	0.0829754933853827	0.5038490424333458	LiftOn_chaining_algorithm	frameshift;stop_codon_gain
CM033161.1	5414252	5622022	rna-XM_026441810.1	0.2489453293155402	0.0828489633035481	0.5038726939867624	LiftOn_chaining_algorithm	frameshift;stop_codon_gain
CM033161.1	5414252	5622022	rna-XM_026441811.1	0.2496225031278312	0.0833950913291773	0.5033821871476888	LiftOn_chaining_algorithm	frameshift;stop_codon_gain
CM033161.1	5414252	5622022	rna-XM_026441812.1	0.2492998405790857	0.0830547475361438	0.5043461917962693	LiftOn_chaining_algorithm	frameshift;stop_codon_gain
CM033161.1	5414252	5622022	rna-XM_026441813.1	0.2492246726395589	0.0830295138888888	0.5043698900479279	LiftOn_chaining_algorithm	frameshift;stop_codon_gain
CM033161.1	5414252	5622022	rna-XM_026441814.1	0.2488816242257398	0.0829143550624133	0.5044172932330827	LiftOn_chaining_algorithm	frameshift;stop_codon_gain
CM033161.1	5414252	5622022	rna-XM_026441815.1	0.2477147292169713	0.0831160931525895	0.5047731013402305	LiftOn_chaining_algorithm	frameshift;stop_codon_gain
CM033161.1	5414252	5622022	rna-XM_026441816.1	0.2469029222601113	0.0803357835674829	0.5053672316384181	LiftOn_chaining_algorithm	frameshift;stop_codon_gain
CM033161.1	5414252	5622022	rna-XM_026441817.1	0.2507801664355062	0.0835334701541417	0.5006612507084829	LiftOn_chaining_algorithm	frameshift;stop_codon_gain
CM033161.1	5414252	5622022	rna-XM_026441818.1	0.2409727660314974	0.0838667251205611	0.509710812479225	LiftOn_chaining_algorithm	frameshift;stop_codon_gain
CM033161.1	5414252	5622022	rna-XM_026441819.1	0.2331326095556239	0.0847397563676633	0.5154629273914714	LiftOn_chaining_algorithm	frameshift;stop_codon_gain
CM033161.1	5414226	5613655	rna-XM_026441820.1	0.2262284903317367	0.0548900411228321	0.5205373163280151	LiftOn_chaining_algorithm	frameshift;stop_codon_gain
CM033161.1	5414226	5614533	rna-XM_026441821.1	0.2262284903317367	0.0548900411228321	0.5205373163280151	LiftOn_chaining_algorithm	frameshift;stop_codon_gain
CM033161.1	5414252	5622022	rna-XM_026441822.1	0.2155928240636662	0.0866983911171538	0.5284040563158413	LiftOn_chaining_algorithm	frameshift;stop_codon_gain
CM033161.1	5414226	5606732	rna-XM_026441823.1	0.2104453294713975	0.0354470802919708	0.5322028856165403	LiftOn_chaining_algorithm	frameshift;stop_codon_gain
CM033161.1	5414226	5606726	rna-XM_026441824.1	0.2104453294713975	0.0354470802919708	0.5322028856165403	LiftOn_chaining_algorithm	frameshift;stop_codon_gain
CM033161.1	5414252	5622022	rna-XM_026441825.1	0.1982168298175467	0.0886345735069267	0.541246470350948	LiftOn_chaining_algorithm	frameshift;stop_codon_gain
CM033161.1	5425985	5622022	rna-XM_026441827.1	0.2720902892076181	0.0906506183954888	0.5499257134074491	LiftOn_chaining_algorithm	frameshift;stop_codon_gain
CM033161.1	5414252	5622022	rna-XM_026441828.1	0.2815845824411135	0.0951126137324118	0.4384926980066091	LiftOn_chaining_algorithm	frameshift;stop_codon_gain
CM033161.1	5414226	5573336	rna-XM_026441829.1	0.1346363726560174	0.1373620811823059	0.4074927321595085	LiftOn_chaining_algorithm	frameshift;stop_codon_gain
CM033161.1	5414226	5573296	rna-XM_026441830.1	0.1346363726560174	0.1373620811823059	0.4074927321595085	LiftOn_chaining_algorithm	frameshift;stop_codon_gain
CM033161.1	5414226	5568699	rna-XM_026441831.1	0.1346363726560174	0.1373620811823059	0.4074927321595085	LiftOn_chaining_algorithm	frameshift;stop_codon_gain
CM033161.1	5414252	5622022	rna-XM_026441832.1	0.30532981530343	0.1005836268994163	0.6687292569049896	LiftOn_chaining_algorithm	frameshift;stop_codon_gain
CM033161.1	5414226	5534490	rna-XM_026441833.1	0.0344312205923055	0.0352108689499009	0.4603420498202999	LiftOn_chaining_algorithm	frameshift;stop_codon_gain
CM033161.1	5462278	5622022	rna-XM_026441834.1	0.3984025339117262	0.1311531605649252	0.5692960632225962	LiftOn_chaining_algorithm	frameshift;stop_codon_gain
CM033161.1	5414252	5622022	rna-XM_026441835.1	0.2093949044585987	0.0700655605611105	0.4258678833564769	LiftOn_chaining_algorithm	frameshift;stop_codon_gain
CM033161.1	6350025	6455910	rna-XM_026441990.1	0.3319057815845824	0.3319057815845824	0.6977777777777778	LiftOn_chaining_algorithm	frameshift;stop_codon_gain
CM033161.1	6350025	6455910	rna-XM_026441991.1	0.3326180257510729	0.3326180257510729	0.6971046770601337	LiftOn_chaining_algorithm	frameshift;stop_codon_gain
CM033161.1	6370011	6455910	rna-XM_026441992.1	0.2934537246049661	0.2934537246049661	0.7370892018779343	LiftOn_chaining_algorithm	frameshift;stop_codon_gain
CM033161.1	6350025	6455910	rna-XM_026441993.1	0.2553699284009546	0.2553699284009546	0.7860696517412935	LiftOn_chaining_algorithm	frameshift;stop_codon_gain
CM033161.1	6388849	6455910	rna-XM_026441994.1	0.2553699284009546	0.2553699284009546	0.7860696517412935	LiftOn_chaining_algorithm	frameshift;stop_codon_gain
CM033162.1	249588	251977	rna-XM_026442272.1	0.8359375	0.8359375	0.83984375	LiftOn_chaining_algorithm	frameshift;stop_codon_gain
CM033162.1	3557682	3560101	rna-XM_006566801.3	0.8484848484848485	0.8484848484848485	0.8585858585858586	LiftOn_chaining_algorithm	frameshift;stop_codon_gain
CM033162.1	3557682	3560092	rna-XM_026442459.1	0.8584905660377359	0.811965811965812	0.8679245283018868	LiftOn_chaining_algorithm	frameshift;stop_codon_gain
CM033162.1	3557682	3560100	rna-XM_026442460.1	0.8484848484848485	0.8484848484848485	0.8585858585858586	LiftOn_chaining_algorithm	frameshift;stop_codon_gain
CM033162.1	3850355	3931872	rna-XM_026442367.1	0.4326558732345849	0.4326558732345849	0.5058322532864284	LiftOn_chaining_algorithm	frameshift;stop_codon_gain
CM033162.1	3850355	3931872	rna-XM_026442368.1	0.4322647362978283	0.4322647362978283	0.506207152121549	LiftOn_chaining_algorithm	frameshift;stop_codon_gain
CM033162.1	4259776	4263601	rna-XM_003250445.4	0.37109375	0.3309090909090909	0.4262295081967213	LiftOn_chaining_algorithm	frameshift;stop_codon_gain
CM033162.1	4259776	4263608	rna-XM_003250447.4	0.3674242424242424	0.3285198555956679	0.42	LiftOn_chaining_algorithm	frameshift;stop_codon_gain
CM033162.1	4259776	4263614	rna-XM_006564684.3	0.3688212927756654	0.3297101449275362	0.4096385542168674	LiftOn_chaining_algorithm	frameshift;stop_codon_gain
CM033162.1	4341120	4424557	rna-XM_006564656.3	0.9152046783625732	0.914536157779401	0.9314159292035398	LiftOn_chaining_algorithm	frameshift;stop_codon_gain
CM033162.1	4341120	4424558	rna-XM_006564657.3	0.9151426481346012	0.9137426900584796	0.9313653136531366	LiftOn_chaining_algorithm	frameshift;stop_codon_gain
CM033162.1	4341120	4424558	rna-XM_006564659.3	0.9149560117302052	0.9135531135531136	0.9312130177514792	LiftOn_chaining_algorithm	frameshift;stop_codon_gain
CM033162.1	4341120	4424558	rna-XM_006564665.3	0.9127163280662152	0.91203007518797	0.929384965831435	LiftOn_chaining_algorithm	frameshift;stop_codon_gain
CM033162.1	4341120	4424558	rna-XM_016913604.2	0.9166666666666666	0.9160086145010768	0.932608695652174	LiftOn_chaining_algorithm	frameshift;stop_codon_gain
CM033162.1	4341120	4424558	rna-XM_016913605.2	0.9166666666666666	0.9160086145010768	0.932608695652174	LiftOn_chaining_algorithm	frameshift;stop_codon_gain
CM033162.1	4341120	4424557	rna-XM_016913606.2	0.9166067577282532	0.915948275862069	0.9325598259608412	LiftOn_chaining_algorithm	frameshift;stop_codon_gain
CM033162.1	4341120	4424558	rna-XM_016913607.2	0.9166067577282532	0.9152298850574712	0.9325598259608412	LiftOn_chaining_algorithm	frameshift;stop_codon_gain
CM033162.1	4341120	4424558	rna-XM_016913608.2	0.916546762589928	0.9158878504672896	0.932510885341074	LiftOn_chaining_algorithm	frameshift;stop_codon_gain
CM033162.1	4341120	4424558	rna-XM_016913609.2	0.9164866810655148	0.9158273381294963	0.9324618736383442	LiftOn_chaining_algorithm	frameshift;stop_codon_gain
CM033162.1	4341120	4424558	rna-XM_016913610.2	0.9159420289855073	0.9152787834902244	0.9320175438596492	LiftOn_chaining_algorithm	frameshift;stop_codon_gain
CM033162.1	4341120	4424558	rna-XM_016913611.2	0.9158810732414794	0.915217391304348	0.9319678127286029	LiftOn_chaining_algorithm	frameshift;stop_codon_gain
CM033162.1	4341120	4424558	rna-XM_016913612.2	0.9158810732414794	0.915217391304348	0.9319678127286029	LiftOn_chaining_algorithm	frameshift;stop_codon_gain
CM033162.1	4341120	4424558	rna-XM_016913613.2	0.9158810732414794	0.915217391304348	0.9319678127286029	LiftOn_chaining_algorithm	frameshift;stop_codon_gain
CM033162.1	4341120	4424558	rna-XM_016913614.2	0.9158200290275762	0.915155910079768	0.931918008784773	LiftOn_chaining_algorithm	frameshift;stop_codon_gain
CM033162.1	4341120	4424558	rna-XM_016913615.2	0.9158200290275762	0.915155910079768	0.931918008784773	LiftOn_chaining_algorithm	frameshift;stop_codon_gain
CM033162.1	4341120	4424557	rna-XM_016913616.2	0.9151426481346012	0.9144736842105264	0.9313653136531366	LiftOn_chaining_algorithm	frameshift;stop_codon_gain
CM033162.1	4341120	4424296	rna-XM_026442517.1	0.9166666666666666	0.9160086145010768	0.932608695652174	LiftOn_chaining_algorithm	frameshift;stop_codon_gain
CM033162.1	4341120	4369529	rna-XM_026442518.1	0.9113827349121468	0.9106870229007632	0.928296067848882	LiftOn_chaining_algorithm	frameshift;stop_codon_gain
CM033162.1	5188331	5195686	rna-XM_016913487.2	0.4132791327913279	0.3021766965428937	0.535230352303523	LiftOn_chaining_algorithm	inframe_deletion;stop_codon_gain
CM033162.1	5337167	5470909	rna-NM_001040230.1	0.9584717607973422	0.9356435643564356	0.9665551839464884	LiftOn_chaining_algorithm	frameshift;stop_codon_gain
CM033162.1	6606923	6615224	rna-XM_026442141.1	0.823076923076923	0.823076923076923	0.8650793650793651	LiftOn_chaining_algorithm	frameshift;stop_codon_gain
CM033162.1	6629211	6636965	rna-XM_026442586.1	0.0102929532858273	0.0102929532858273	0.943789664551224	LiftOn_chaining_algorithm	frameshift;stop_codon_gain
CM033162.1	9544323	9553641	rna-XM_026442185.1	0.2417582417582417	0.2417582417582417	0.8674033149171271	LiftOn_chaining_algorithm	frameshift;stop_codon_gain
CM033162.1	10440944	10445341	rna-XM_001122102.4	0.1629701060752169	0.1609523809523809	0.3546961325966851	LiftOn_chaining_algorithm	frameshift;stop_codon_gain
CM033162.1	11661882	11665820	rna-XM_016913692.2	0.0082191780821917	0.0082191780821917	0.958139534883721	LiftOn_chaining_algorithm	frameshift;stop_codon_gain
CM033163.1	51601	122343	rna-XM_026442630.1	0.0030959752321981	0.8712522045855379	0.8783068783068783	LiftOn_chaining_algorithm	frameshift;start_lost
CM033163.1	51601	122343	rna-XM_026442631.1	0.0139751552795031	0.8747763864042933	0.8801431127012522	LiftOn_chaining_algorithm	frameshift;start_lost
CM033163.1	51601	122343	rna-XM_026442632.1	0.0	0.894927536231884	0.9005424954792043	LiftOn_chaining_algorithm	frameshift;start_lost
CM033163.1	51601	122343	rna-XM_026442633.1	0.0110410094637223	0.8970588235294118	0.9027522935779816	LiftOn_chaining_algorithm	frameshift;start_lost
CM033163.1	1315723	1331161	rna-NM_001077822.1	0.3796477495107632	0.3439716312056737	0.5968688845401174	LiftOn_chaining_algorithm	stop_codon_gain
CM033163.1	3405232	3407958	rna-XM_623478.6	0.526595744680851	0.0	0.6071428571428571	Liftoff_truncated	frameshift;stop_codon_gain
CM033163.1	6959419	6963044	rna-XM_006561655.3	0.2885906040268456	0.2885906040268456	0.689922480620155	LiftOn_chaining_algorithm	frameshift;stop_codon_gain
CM033163.1	7674503	7676390	rna-XM_026442800.1	0.2753036437246963	0.2753036437246963	0.5102880658436214	LiftOn_chaining_algorithm	frameshift;stop_codon_gain
CM033163.1	8662347	8664817	rna-XM_016913974.2	0.6081871345029239	0.5128205128205128	0.6325301204819277	LiftOn_chaining_algorithm	frameshift;stop_codon_gain
CM033163.1	8739151	8747470	rna-XM_026442963.1	0.4802668148971651	0.032258064516129	0.5052807115063924	LiftOn_chaining_algorithm	inframe_deletion;stop_codon_gain
CM033163.1	10166540	10168222	rna-NM_001270823.1	0.1134020618556701	0.0927835051546391	0.1506024096385542	LiftOn_chaining_algorithm	frameshift;stop_codon_gain
CM033163.1	10255494	10257292	rna-XM_016913856.2	0.0155440414507772	0.1243523316062176	0.1403508771929824	LiftOn_chaining_algorithm	frameshift;start_lost;stop_codon_gain
CM033163.1	10559329	10559865	rna-KEF36_p08	0.0	0.0	0.0461538461538461	Liftoff_truncated	frameshift;start_lost;stop_codon_gain
CM033163.1	11327344	11366212	rna-XM_026442968.1	0.1655320673593694	0.1684210526315789	0.7877083751757381	LiftOn_chaining_algorithm	frameshift;stop_codon_gain
CM033163.1	11366270	11367647	rna-XM_006567443.3	0.0735294117647058	0.0735294117647058	0.8627450980392157	LiftOn_chaining_algorithm	frameshift;stop_codon_gain
CM033163.1	11920818	11929654	rna-XM_026442969.1	0.3650190114068441	0.3531598513011152	0.3688212927756654	LiftOn_chaining_algorithm	frameshift;stop_codon_gain
CM033164.1	677138	683949	rna-XM_016914593.2	0.082942097026604	0.082942097026604	0.8966725043782837	LiftOn_chaining_algorithm	frameshift;stop_codon_gain
CM033164.1	1336648	1341225	rna-XM_026443376.1	0.5287128712871287	0.5362903225806451	0.5587628865979382	LiftOn_chaining_algorithm	frameshift;stop_codon_gain
CM033164.1	1379502	1385011	rna-XM_397488.7	0.4521880064829822	0.4521880064829822	0.4930795847750865	LiftOn_chaining_algorithm	frameshift;stop_codon_gain
CM033164.1	1403634	1405941	rna-XM_016914443.2	0.539568345323741	0.539568345323741	0.555956678700361	LiftOn_chaining_algorithm	frameshift;stop_codon_gain
CM033164.1	1403634	1405941	rna-XM_016914444.2	0.5639097744360902	0.5639097744360902	0.5811320754716981	LiftOn_chaining_algorithm	frameshift;stop_codon_gain
CM033164.1	1403634	1405941	rna-XM_016914445.2	0.5725190839694656	0.5725190839694656	0.5900383141762452	LiftOn_chaining_algorithm	frameshift;stop_codon_gain
CM033164.1	1413741	1415369	rna-XM_026443454.1	0.0383386581469648	0.0383386581469648	0.1601423487544484	LiftOn_chaining_algorithm	frameshift;stop_codon_gain
CM033164.1	1625689	1626310	rna-XM_026443394.1	0.2479338842975206	0.2479338842975206	0.6915887850467289	LiftOn_chaining_algorithm	frameshift;stop_codon_gain
CM033164.1	1716732	1726485	rna-XM_006566184.3	0.632258064516129	0.632258064516129	0.6577181208053692	LiftOn_chaining_algorithm	frameshift;stop_codon_gain
CM033164.1	1845681	1848337	rna-XM_393677.7	0.1834130781499202	0.1834130781499202	0.7975567190226877	LiftOn_chaining_algorithm	frameshift;stop_codon_gain
CM033164.1	2583605	2588020	rna-XM_624992.6	0.358974358974359	0.3496027241770715	0.6282051282051282	LiftOn_chaining_algorithm	frameshift;stop_codon_gain
CM033164.1	2631768	2633797	rna-XM_016914238.2	0.0130353817504655	0.0130353817504655	0.9577777777777776	LiftOn_chaining_algorithm	frameshift;stop_codon_gain
CM033164.1	3084970	3095227	rna-XM_026443372.1	0.3295668549905838	0.2990762124711316	0.6089139987445072	LiftOn_chaining_algorithm	inframe_deletion;stop_codon_gain
CM033164.1	3255789	3323005	rna-XM_026443380.1	0.9982363315696648	0.9982332155477032	1.0	LiftOn_chaining_algorithm	synonymous
CM033164.1	4059348	4062466	rna-XM_026443462.1	0.9906666666666668	0.9906666666666668	0.9919893190921228	LiftOn_chaining_algorithm	frameshift;stop_codon_gain
CM033164.1	4059348	4062466	rna-XM_026443463.1	0.9906542056074766	0.9906542056074766	0.9919786096256684	LiftOn_chaining_algorithm	frameshift;stop_codon_gain
CM033164.1	4696157	4716547	rna-XM_016914518.2	0.0141791044776119	0.038632986627043	0.9230145867098866	LiftOn_chaining_algorithm	frameshift;start_lost;stop_codon_gain
CM033164.1	4954136	4957075	rna-XM_026443367.1	0.0798479087452471	0.0685154975530179	0.6520912547528517	LiftOn_chaining_algorithm	inframe_deletion;stop_codon_gain
CM033164.1	5972346	5974229	rna-XM_006562785.3	0.8322851153039832	0.9536585365853658	0.9584352078239609	LiftOn_chaining_algorithm	frameshift;stop_codon_gain
CM033164.1	6198085	6200760	rna-XM_026443309.1	0.180623973727422	0.1610541727672035	0.4055829228243021	LiftOn_chaining_algorithm	frameshift;stop_codon_gain
CM033164.1	7264089	7268387	rna-XM_026443241.1	0.446078431372549	0.4411764705882353	0.4793814432989691	LiftOn_chaining_algorithm	frameshift;stop_codon_gain
CM033164.1	7318445	7377906	rna-XM_001121936.5	0.25	0.25	0.7018544935805991	LiftOn_chaining_algorithm	frameshift;stop_codon_gain
CM033164.1	7318445	7449583	rna-XM_006562495.3	0.25	0.25	0.7018544935805991	LiftOn_chaining_algorithm	frameshift;stop_codon_gain
CM033164.1	7318445	7377918	rna-XM_016914563.2	0.25	0.25	0.7018544935805991	LiftOn_chaining_algorithm	frameshift;stop_codon_gain
CM033164.1	8278662	8301511	rna-XM_026443263.1	0.6461538461538462	0.8153846153846154	0.9027777777777778	LiftOn_chaining_algorithm	frameshift;start_lost
CM033164.1	9655256	9658952	rna-XM_003249582.4	0.2456140350877192	0.2426900584795321	0.7040498442367601	LiftOn_chaining_algorithm	frameshift;stop_codon_gain
CM033164.1	10814744	10847157	rna-XM_026443266.1	0.75	0.75	0.7733333333333333	LiftOn_chaining_algorithm	frameshift;stop_codon_gain
CM033164.1	10814744	10847157	rna-XM_026443267.1	0.7466666666666667	0.7466666666666667	0.7702702702702703	LiftOn_chaining_algorithm	frameshift;stop_codon_gain
CM033164.1	11095309	11169867	rna-XM_003249263.4	0.6294277929155313	0.6294277929155313	0.6401098901098901	LiftOn_chaining_algorithm	frameshift;stop_codon_gain
CM033164.1	12044333	12051795	rna-XM_026443297.1	0.2139219015280135	0.2139219015280135	0.7402376910016978	LiftOn_chaining_algorithm	inframe_deletion;stop_codon_gain
CM033165.1	2451129	2454232	rna-NM_001011564.2	0.8411214953271028	0.8411214953271028	0.8609112709832134	LiftOn_chaining_algorithm	frameshift;stop_codon_gain
CM033165.1	2510409	2512740	rna-XM_016915263.2	0.0286396181384248	0.6837837837837838	0.7588235294117647	LiftOn_chaining_algorithm	frameshift;start_lost;stop_codon_gain
CM033165.1	2509857	2512740	rna-XM_026443785.1	0.0047393364928909	0.1720698254364089	0.5417789757412399	LiftOn_chaining_algorithm	frameshift;start_lost;stop_codon_gain
CM033165.1	2653682	2656215	rna-XM_006558982.3	0.1076487252124645	0.1076487252124645	0.7746031746031746	LiftOn_chaining_algorithm	frameshift;stop_codon_gain
CM033165.1	2739335	2742703	rna-XM_006558991.3	0.0629921259842519	0.0629921259842519	0.7281553398058253	LiftOn_chaining_algorithm	frameshift;stop_codon_gain
CM033165.1	2909901	2913905	rna-XM_026444057.1	0.4	0.4	0.4267515923566879	LiftOn_chaining_algorithm	frameshift;start_lost;stop_codon_gain
CM033165.1	2909901	2913905	rna-XM_026444058.1	0.392156862745098	0.392156862745098	0.4193548387096774	LiftOn_chaining_algorithm	frameshift;start_lost;stop_codon_gain
CM033165.1	3547232	3548208	rna-XM_026443670.1	0.1753246753246753	0.1824324324324324	0.2074074074074074	LiftOn_chaining_algorithm	frameshift;stop_codon_gain
CM033165.1	3549538	3560036	rna-XM_026443671.1	0.0005878894767783	0.043859649122807	0.2738095238095238	LiftOn_chaining_algorithm	frameshift;start_lost;stop_codon_gain
CM033165.1	7337433	7352517	rna-XM_026443664.1	0.4788557213930348	0.4967989756722151	0.5179760319573902	LiftOn_chaining_algorithm	frameshift;stop_codon_gain
CM033165.1	7337437	7352517	rna-XM_026443665.1	0.4742785445420326	0.4922480620155038	0.5134408602150538	LiftOn_chaining_algorithm	frameshift;stop_codon_gain
CM033165.1	7337433	7352517	rna-XM_026443666.1	0.4974293059125964	0.5085865257595773	0.5237449118046132	LiftOn_chaining_algorithm	frameshift;stop_codon_gain
CM033165.1	11711669	11715655	rna-XM_026443688.1	0.4448529411764705	0.428066037735849	0.4631043256997455	LiftOn_chaining_algorithm	frameshift;stop_codon_gain
CM033165.1	11959840	11976476	rna-XM_026443689.1	0.1180237877401646	0.1235040689325036	0.6241575946086055	LiftOn_chaining_algorithm	frameshift;stop_codon_gain
CM033165.1	12420074	12433360	rna-XM_026443844.1	0.8344481605351171	0.8030749100425254	0.8505434782608695	LiftOn_chaining_algorithm	frameshift;stop_codon_gain
CM033165.1	12420074	12433360	rna-XM_026443845.1	0.8334457181389077	0.7955511939810271	0.8496575342465753	LiftOn_chaining_algorithm	frameshift;stop_codon_gain
CM033165.1	12420074	12434881	rna-XM_026443846.1	0.0002899391127863	0.0891293147861926	0.7381092190252495	LiftOn_chaining_algorithm	frameshift;start_lost;stop_codon_gain
CM033165.1	13531421	13538307	rna-XM_006566408.3	0.7336956521739131	0.7336956521739131	0.7391304347826086	LiftOn_chaining_algorithm	frameshift;stop_codon_gain
CM033165.1	14361565	14365508	rna-XM_003250818.4	0.1352657004830917	0.1352657004830917	0.7898550724637681	LiftOn_chaining_algorithm	frameshift;stop_codon_gain
CM033165.1	14777370	14780395	rna-XM_003250828.4	0.0077120822622107	0.0074906367041198	0.9910025706940874	LiftOn_chaining_algorithm	inframe_deletion;stop_codon_gain
CM033165.1	16438805	16449066	rna-XM_026443708.1	0.5944409349336702	0.51	0.5948166877370418	LiftOn_chaining_algorithm	inframe_insertion;inframe_deletion;stop_codon_gain
CM033165.1	16509323	16515909	rna-XM_026443727.1	0.3700331125827814	0.0934959349593495	0.541058394160584	LiftOn_chaining_algorithm	frameshift;stop_codon_gain
CM033166.1	2210423	2220728	rna-XM_026444453.1	0.4755604557148107	0.4755604557148107	0.5025203567274137	LiftOn_chaining_algorithm	frameshift;stop_codon_gain
CM033166.1	2443812	2675209	rna-XM_026444488.1	0.0049648324369052	0.0040189989039093	0.9917252792718244	LiftOn_chaining_algorithm	frameshift;stop_codon_gain
CM033166.1	4431599	4437321	rna-XM_003249999.4	0.9840425531914894	0.975177304964539	0.9858156028368794	LiftOn_chaining_algorithm	frameshift;stop_codon_gain
CM033166.1	4431599	4437321	rna-XM_006562261.3	0.9839857651245552	0.9750889679715302	0.9857651245551602	LiftOn_chaining_algorithm	frameshift;stop_codon_gain
CM033166.1	4782256	4807458	rna-XM_006562245.3	0.4359081419624217	0.4359081419624217	0.5097173144876325	LiftOn_chaining_algorithm	frameshift;stop_codon_gain
CM033166.1	4788538	4807458	rna-XM_006562247.3	0.3850705507510241	0.3850705507510241	0.558567279767667	LiftOn_chaining_algorithm	frameshift;stop_codon_gain
CM033166.1	4788538	4807458	rna-XM_006562248.3	0.3850705507510241	0.3850705507510241	0.558567279767667	LiftOn_chaining_algorithm	frameshift;stop_codon_gain
CM033166.1	4795049	4807458	rna-XM_016915539.2	0.3438562408936377	0.3438562408936377	0.5985477178423236	LiftOn_chaining_algorithm	frameshift;stop_codon_gain
CM033166.1	4795049	4807458	rna-XM_016915540.2	0.3228070175438596	0.3228070175438596	0.619098712446352	LiftOn_chaining_algorithm	frameshift;stop_codon_gain
CM033166.1	4782257	4807458	rna-XM_026444496.1	0.4408112582781457	0.4408112582781457	0.5050328227571116	LiftOn_chaining_algorithm	frameshift;stop_codon_gain
CM033166.1	4782257	4807458	rna-XM_026444497.1	0.4408112582781457	0.4408112582781457	0.5050328227571116	LiftOn_chaining_algorithm	frameshift;stop_codon_gain
CM033166.1	4782249	4807458	rna-XM_026444498.1	0.4408112582781457	0.4408112582781457	0.5050328227571116	LiftOn_chaining_algorithm	frameshift;stop_codon_gain
CM033166.1	4788538	4807458	rna-XM_026444499.1	0.3850705507510241	0.3850705507510241	0.558567279767667	LiftOn_chaining_algorithm	frameshift;stop_codon_gain
CM033166.1	4788538	4807458	rna-XM_026444500.1	0.3850705507510241	0.3850705507510241	0.558567279767667	LiftOn_chaining_algorithm	frameshift;stop_codon_gain
CM033166.1	9309949	9312015	rna-XM_006559242.3	0.2832369942196532	0.2832369942196532	0.5968253968253968	LiftOn_chaining_algorithm	frameshift;stop_codon_gain
CM033166.1	10157638	10180566	rna-XM_026444501.1	0.2932761087267525	0.2932761087267525	0.6938472942920682	LiftOn_chaining_algorithm	inframe_insertion;inframe_deletion;stop_codon_gain
CM033166.1	10157638	10180567	rna-XM_026444502.1	0.2964569775849602	0.2964569775849602	0.6904047976011994	LiftOn_chaining_algorithm	inframe_insertion;inframe_deletion;stop_codon_gain
CM033166.1	10110258	10180566	rna-XM_026444504.1	0.2842639593908629	0.2820884699057288	0.7032306536438768	LiftOn_chaining_algorithm	frameshift;stop_codon_gain
CM033166.1	10157638	10180568	rna-XM_026444505.1	0.2981818181818181	0.2981818181818181	0.6885369532428356	LiftOn_chaining_algorithm	inframe_insertion;inframe_deletion;stop_codon_gain
CM033166.1	10157638	10174089	rna-XM_026444509.1	0.3349673202614379	0.3349673202614379	0.6485106382978724	LiftOn_chaining_algorithm	inframe_insertion;inframe_deletion;stop_codon_gain
CM033166.1	10599148	10600910	rna-XM_006558314.3	0.4957983193277311	0.453781512605042	0.5304347826086957	LiftOn_chaining_algorithm	frameshift;stop_codon_gain
CM033167.1	672757	686072	rna-XM_026444800.1	0.3267064280980782	0.3232588699080158	0.6679920477137177	LiftOn_chaining_algorithm	frameshift;stop_codon_gain
CM033167.1	949396	951495	rna-XM_026444661.1	0.0147058823529411	0.0147058823529411	0.1596638655462184	LiftOn_chaining_algorithm	inframe_deletion;stop_codon_gain
CM033167.1	1073503	1084323	rna-XM_623641.6	0.5158562367864693	0.5158562367864693	0.5497206703910614	LiftOn_chaining_algorithm	frameshift;stop_codon_gain
CM033167.1	1087487	1089782	rna-XM_006565032.3	0.4091520861372812	0.8850072780203785	0.9144144144144144	LiftOn_chaining_algorithm	frameshift;stop_codon_gain
CM033167.1	1187864	1266238	rna-NM_001011581.1	0.0711111111111111	0.0777777777777777	0.4162962962962963	LiftOn_chaining_algorithm	frameshift;stop_codon_gain
CM033167.1	1684322	1689598	rna-XM_026444797.1	0.3054187192118227	0.3054187192118227	0.4406779661016949	LiftOn_chaining_algorithm	frameshift;stop_codon_gain
CM033167.1	2055831	2191821	rna-XM_016915970.2	0.936117936117936	0.936117936117936	0.94320987654321	LiftOn_chaining_algorithm	frameshift;stop_codon_gain
CM033167.1	4523256	4526790	rna-XM_006560307.2	0.5367892976588629	0.5367892976588629	0.5928571428571429	LiftOn_chaining_algorithm	frameshift;stop_codon_gain
CM033167.1	4523257	4526790	rna-XM_391981.6	0.5375626043405676	0.5375626043405676	0.5935828877005348	LiftOn_chaining_algorithm	frameshift;stop_codon_gain
CM033167.1	5701941	5706680	rna-XM_016915767.2	0.0112903225806451	0.0112903225806451	0.9319066147859922	LiftOn_chaining_algorithm	frameshift;stop_codon_gain
CM033167.1	8764608	8781124	rna-XM_006557843.3	0.0561056105610561	0.0561056105610561	0.9352791878172588	LiftOn_chaining_algorithm	frameshift;stop_codon_gain
CM033167.1	8767034	8781124	rna-XM_006557845.3	0.0561056105610561	0.0561056105610561	0.9352791878172588	LiftOn_chaining_algorithm	frameshift;stop_codon_gain
CM033167.1	8764608	8781123	rna-XM_016915712.2	0.0565410199556541	0.0565410199556541	0.9346153846153846	LiftOn_chaining_algorithm	frameshift;stop_codon_gain
CM033167.1	8764586	8781124	rna-XM_016915713.2	0.0250297973778307	0.9879839786381842	0.996	LiftOn_chaining_algorithm	frameshift;start_lost
CM033167.1	8765965	8781124	rna-XM_026444758.1	0.0561056105610561	0.0561056105610561	0.9352791878172588	LiftOn_chaining_algorithm	frameshift;stop_codon_gain
CM033167.1	8765637	8781124	rna-XM_026444759.1	0.0561056105610561	0.0561056105610561	0.9352791878172588	LiftOn_chaining_algorithm	frameshift;stop_codon_gain
CM033167.1	8809242	8812515	rna-XM_026444742.1	0.8237885462555066	0.8237885462555066	0.8623853211009175	LiftOn_chaining_algorithm	frameshift;stop_codon_gain
CM033167.1	10698307	10703447	rna-XM_026444719.1	0.5796766743648961	0.0	0.619277108433735	Liftoff_truncated	frameshift;stop_codon_gain
CM033168.1	250516	254737	rna-XM_394050.7	0.995069033530572	0.995069033530572	0.9970384995064164	LiftOn_chaining_algorithm	frameshift;stop_codon_gain
CM033168.1	507750	576412	rna-XM_026445064.1	0.8764044943820225	0.8764044943820225	0.8820224719101124	LiftOn_chaining_algorithm	frameshift;stop_codon_gain
CM033168.1	549909	576412	rna-XM_026445065.1	0.8571428571428571	0.8571428571428571	0.8636363636363636	LiftOn_chaining_algorithm	frameshift;stop_codon_gain
CM033168.1	549909	576412	rna-XM_026445066.1	0.8571428571428571	0.8571428571428571	0.8636363636363636	LiftOn_chaining_algorithm	frameshift;stop_codon_gain
CM033168.1	533070	576412	rna-XM_026445067.1	0.8472222222222222	0.8194444444444444	0.8541666666666666	LiftOn_chaining_algorithm	frameshift;stop_codon_gain
CM033168.1	1445110	1457311	rna-XM_001122444.5	0.0117035110533159	0.0109823062843197	0.9817945383615084	LiftOn_chaining_algorithm	frameshift;stop_codon_gain
CM033168.1	1445110	1457311	rna-XM_006565803.3	0.0117111255692908	0.0109890109890109	0.9817826935588808	LiftOn_chaining_algorithm	frameshift;stop_codon_gain
CM033168.1	1445123	1457311	rna-XM_006565804.3	0.01171875	0.0109957238851557	0.9817708333333334	LiftOn_chaining_algorithm	frameshift;stop_codon_gain
CM033168.1	1445123	1457311	rna-XM_006565805.3	0.0118032786885245	0.011070110701107	0.981639344262295	LiftOn_chaining_algorithm	frameshift;stop_codon_gain
CM033168.1	1445123	1457311	rna-XM_006565806.3	0.0119760479041916	0.0112219451371571	0.9813705921490352	LiftOn_chaining_algorithm	frameshift;stop_codon_gain
CM033168.1	1445123	1457311	rna-XM_006565807.3	0.0119920053297801	0.0112359550561797	0.9813457694870088	LiftOn_chaining_algorithm	frameshift;stop_codon_gain
CM033168.1	1445123	1457311	rna-XM_006565808.3	0.0123372172721041	0.0115384615384615	0.9808087731322824	LiftOn_chaining_algorithm	frameshift;stop_codon_gain
CM033168.1	2063023	2146980	rna-XM_016916005.2	0.7940841865756542	0.7940841865756542	0.8026391279403328	LiftOn_chaining_algorithm	frameshift;stop_codon_gain
CM033168.1	2063023	2146980	rna-XM_016916006.2	0.7954802259887006	0.7954802259887006	0.8189204875217644	LiftOn_chaining_algorithm	frameshift;stop_codon_gain
CM033168.1	2063023	2146377	rna-XM_016916007.2	0.7954802259887006	0.7954802259887006	0.8189204875217644	LiftOn_chaining_algorithm	frameshift;stop_codon_gain
CM033168.1	2063023	2146980	rna-XM_016916009.2	0.7954802259887006	0.7954802259887006	0.8189204875217644	LiftOn_chaining_algorithm	frameshift;stop_codon_gain
CM033168.1	2063023	2149197	rna-XM_016916010.2	0.7954802259887006	0.7954802259887006	0.8189204875217644	LiftOn_chaining_algorithm	frameshift;stop_codon_gain
CM033168.1	2063023	2146378	rna-XM_016916012.2	0.7940841865756542	0.7940841865756542	0.8176504967855055	LiftOn_chaining_algorithm	frameshift;stop_codon_gain
CM033168.1	2063023	2146378	rna-XM_026445227.1	0.7920735209649626	0.7920735209649626	0.8158205430932703	LiftOn_chaining_algorithm	frameshift;stop_codon_gain
CM033168.1	2063023	2146378	rna-XM_026445228.1	0.791594703511802	0.791594703511802	0.8153846153846154	LiftOn_chaining_algorithm	frameshift;stop_codon_gain
CM033168.1	2063023	2146378	rna-XM_026445229.1	0.788056206088993	0.788056206088993	0.8121613485851896	LiftOn_chaining_algorithm	frameshift;stop_codon_gain
CM033168.1	2063023	2146378	rna-XM_026445230.1	0.7704502219403931	0.7704502219403931	0.796078431372549	LiftOn_chaining_algorithm	frameshift;stop_codon_gain
CM033168.1	2311920	2315497	rna-XM_003250494.4	0.8163265306122449	0.8163265306122449	0.8287671232876712	LiftOn_chaining_algorithm	frameshift;stop_codon_gain
CM033168.1	2621239	2637610	rna-XM_026445197.1	0.0516772438803263	0.0516772438803263	0.903688524590164	LiftOn_chaining_algorithm	frameshift;stop_codon_gain
CM033168.1	3815338	3820710	rna-XM_016916415.2	0.4693745970341715	0.463571889103804	0.5098039215686274	LiftOn_chaining_algorithm	frameshift;stop_codon_gain
CM033168.1	4039905	4042130	rna-XM_026445179.1	0.3347022587268994	0.1302521008403361	0.3671171171171171	LiftOn_chaining_algorithm	frameshift;stop_codon_gain
CM033168.1	4232662	4235903	rna-XM_006564957.3	0.8068535825545171	0.8021806853582555	0.8225039619651348	LiftOn_chaining_algorithm	frameshift;stop_codon_gain
CM033168.1	4232662	4236271	rna-XM_016917860.2	0.80625	0.8046875	0.821939586645469	LiftOn_chaining_algorithm	frameshift;stop_codon_gain
CM033168.1	4280081	4287260	rna-XM_006564951.3	0.9785867237687366	0.4959839357429719	0.9807280513918628	LiftOn_chaining_algorithm	frameshift;stop_codon_gain
CM033168.1	4865255	4873130	rna-XM_026445177.1	0.4481546572934973	0.4710280373831775	0.5009416195856874	LiftOn_chaining_algorithm	frameshift;stop_codon_gain
CM033168.1	4897567	4982212	rna-XM_006562292.3	0.2960893854748603	0.2960893854748603	0.3195266272189349	LiftOn_chaining_algorithm	frameshift;stop_codon_gain
CM033168.1	7902418	7903108	rna-KEF36_p01	0.0030674846625766	0.0392156862745098	0.2124183006535947	LiftOn_chaining_algorithm	frameshift;start_lost;stop_codon_gain
CM033169.1	1262943	1296248	rna-XM_026445631.1	0.4154589371980676	0.2450980392156862	0.4484536082474227	LiftOn_chaining_algorithm	frameshift;stop_codon_gain
CM033169.1	2303630	2325605	rna-XM_006563493.3	0.4886285320468642	0.0373387644263408	0.5210144927536232	LiftOn_chaining_algorithm	frameshift;stop_codon_gain
CM033169.1	2303630	2348894	rna-XM_016916511.2	0.5675203725261933	0.1844827586206896	0.5980570734669095	LiftOn_chaining_algorithm	frameshift;stop_codon_gain
CM033169.1	2669379	2686025	rna-XM_006563468.3	0.7335740072202166	0.7319884726224783	0.759822090437361	LiftOn_chaining_algorithm	frameshift;stop_codon_gain
CM033169.1	2669379	2686025	rna-XM_006563469.3	0.7333815028901735	0.7317952415284787	0.7596439169139466	LiftOn_chaining_algorithm	frameshift;stop_codon_gain
CM033169.1	2669379	2686025	rna-XM_026445319.1	0.672	0.6702127659574468	0.7024793388429752	LiftOn_chaining_algorithm	frameshift;stop_codon_gain
CM033169.1	3026472	3029435	rna-XM_006563442.3	0.0311173974540311	0.0311173974540311	0.8248407643312102	LiftOn_chaining_algorithm	frameshift;stop_codon_gain
CM033169.1	4281533	4291169	rna-XM_026445625.1	0.50389032975176	0.0843727072633895	0.5271258176221624	LiftOn_chaining_algorithm	frameshift;stop_codon_gain
CM033169.1	4967781	4968668	rna-XM_026445624.1	0.9887218045112782	0.2973856209150327	0.9962406015037594	LiftOn_chaining_algorithm	frameshift;stop_missing
CM033169.1	5619843	5639421	rna-XM_026445621.1	0.5020618556701031	0.2709076496234641	0.5417861080485116	LiftOn_chaining_algorithm	frameshift;stop_codon_gain
CM033169.1	5639757	5654352	rna-XM_006560703.3	0.4285714285714285	0.426865671641791	0.5420759224847359	LiftOn_chaining_algorithm	frameshift;stop_codon_gain
CM033169.1	5639757	5654352	rna-XM_006560704.3	0.4281429642589353	0.426437640029873	0.5425079702444209	LiftOn_chaining_algorithm	frameshift;stop_codon_gain
CM033169.1	5643150	5654352	rna-XM_006560705.3	0.3222748815165877	0.320754716981132	0.6505256451099076	LiftOn_chaining_algorithm	frameshift;stop_codon_gain
CM033169.1	6271415	6273340	rna-XM_006560091.3	0.9872958257713248	0.7543554006968641	0.9891107078039928	LiftOn_chaining_algorithm	frameshift;stop_codon_gain
CM033169.1	6836194	6842522	rna-XM_016916750.2	0.4339207048458149	0.4273318872017353	0.5605726872246696	LiftOn_chaining_algorithm	frameshift;stop_codon_gain
CM033169.1	7273762	7287992	rna-XM_026445406.1	0.9671592775041052	0.9671592775041052	0.9688013136289	LiftOn_chaining_algorithm	frameshift;stop_codon_gain
CM033169.1	8169256	8170487	rna-XM_006557590.3	0.99	0.99	0.99009900990099	LiftOn_chaining_algorithm	frameshift;stop_missing
CM033170.1	379630	455785	rna-XM_026445913.1	0.0083643122676579	0.0083643122676579	0.9866518353726362	LiftOn_chaining_algorithm	frameshift;stop_codon_gain
CM033170.1	2938229	2994386	rna-XM_026445785.1	0.2631578947368421	0.2631578947368421	0.6097560975609756	LiftOn_chaining_algorithm	frameshift;stop_codon_gain
CM033170.1	2938229	2994675	rna-XM_026445786.1	0.2845528455284553	0.2845528455284553	0.5471698113207547	LiftOn_chaining_algorithm	frameshift;stop_codon_gain
CM033170.1	2938229	3185307	rna-XM_026445787.1	0.3571428571428571	0.3535353535353535	0.4666666666666667	LiftOn_chaining_algorithm	frameshift;stop_codon_gain
CM033170.1	4605099	4715776	rna-XM_026445799.1	0.0609949024433116	0.0606643356643356	0.5477178423236515	LiftOn_chaining_algorithm	frameshift;stop_codon_gain
CM033170.1	4605100	4714329	rna-XM_026445800.1	0.0610163530859855	0.06077057793345	0.5475545930337484	LiftOn_chaining_algorithm	frameshift;stop_codon_gain
CM033170.1	4605099	4714329	rna-XM_026445801.1	0.0598380851812741	0.0595133905128653	0.5484104046242775	LiftOn_chaining_algorithm	frameshift;stop_codon_gain
CM033170.1	4605099	4714329	rna-XM_026445802.1	0.0610915492957746	0.0607599369637541	0.546982291290206	LiftOn_chaining_algorithm	frameshift;stop_codon_gain
CM033170.1	4627511	4714329	rna-XM_026445803.1	0.0591757661148291	0.0588544403573305	0.5488069414316703	LiftOn_chaining_algorithm	frameshift;stop_codon_gain
CM033170.1	4605099	4714329	rna-XM_026445804.1	0.0611238330103928	0.0607918710581639	0.5467365756644368	LiftOn_chaining_algorithm	frameshift;stop_codon_gain
CM033170.1	4622639	4714329	rna-XM_026445805.1	0.0588442565186751	0.0585246188890835	0.5490054249547921	LiftOn_chaining_algorithm	frameshift;stop_codon_gain
CM033170.1	4605099	4714329	rna-XM_026445806.1	0.0611669310770315	0.0608345021037868	0.5464085398950607	LiftOn_chaining_algorithm	frameshift;stop_codon_gain
CM033170.1	4648492	4714329	rna-XM_026445807.1	0.0581805359661495	0.0578642819568648	0.5494028230184582	LiftOn_chaining_algorithm	frameshift;stop_codon_gain
CM033170.1	4605099	4714329	rna-XM_026445808.1	0.0613724796604174	0.0610378188214599	0.5448438634713144	LiftOn_chaining_algorithm	frameshift;stop_codon_gain
CM033170.1	4605100	4714329	rna-XM_026445809.1	0.0613941967445152	0.0610592996656695	0.5446785325099891	LiftOn_chaining_algorithm	frameshift;stop_codon_gain
CM033170.1	4605102	4714329	rna-XM_026445810.1	0.0614159292035398	0.0611669310770315	0.5445130813953488	LiftOn_chaining_algorithm	frameshift;stop_codon_gain
CM033170.1	4605099	4714329	rna-XM_026445811.1	0.0615139159723453	0.0611777150916784	0.5437670609645132	LiftOn_chaining_algorithm	frameshift;stop_codon_gain
CM033170.1	4605101	4714329	rna-XM_026445812.1	0.0615357332860436	0.061285764747439	0.5436009466593846	LiftOn_chaining_algorithm	frameshift;stop_codon_gain
CM033170.1	4605102	4714329	rna-XM_026445813.1	0.0615466477474281	0.0612965907083554	0.5435178441369264	LiftOn_chaining_algorithm	frameshift;stop_codon_gain
CM033170.1	4605099	4714329	rna-XM_026445814.1	0.0615466477474281	0.0612100899629564	0.5435178441369264	LiftOn_chaining_algorithm	frameshift;stop_codon_gain
CM033170.1	4605101	4714329	rna-XM_026445815.1	0.0616669628576506	0.0614159292035398	0.5426017150155081	LiftOn_chaining_algorithm	frameshift;stop_codon_gain
CM033170.1	4605099	4714329	rna-XM_026445816.1	0.0618979664645023	0.0615575660812488	0.5408424908424908	LiftOn_chaining_algorithm	frameshift;stop_codon_gain
CM033170.1	4605100	4714329	rna-XM_026445817.1	0.0619200571020699	0.0616669628576506	0.5406742396482228	LiftOn_chaining_algorithm	frameshift;stop_codon_gain
CM033170.1	4605100	4714329	rna-XM_026445818.1	0.0623092117076674	0.0619642857142857	0.5377097547482943	LiftOn_chaining_algorithm	frameshift;stop_codon_gain
CM033170.1	4605101	4714329	rna-XM_026445819.1	0.0623315969103646	0.0620751341681574	0.537539199409703	LiftOn_chaining_algorithm	frameshift;stop_codon_gain
CM033170.1	4605101	4714329	rna-XM_026445820.1	0.062455003599712	0.0621975264384298	0.5365988909426987	LiftOn_chaining_algorithm	frameshift;stop_codon_gain
CM033170.1	4634960	4714329	rna-XM_026445821.1	0.0266131972293109	0.026463657785028	0.5685393258426966	LiftOn_chaining_algorithm	frameshift;stop_codon_gain
CM033170.1	4659916	4714329	rna-XM_026445822.1	0.0266131972293109	0.026463657785028	0.5685393258426966	LiftOn_chaining_algorithm	frameshift;stop_codon_gain
CM033170.1	4605123	4714329	rna-XM_026445823.1	0.086318407960199	0.085657862256233	0.3559628291171915	LiftOn_chaining_algorithm	frameshift;stop_codon_gain
CM033170.1	4605123	4714329	rna-XM_026445824.1	0.08675	0.0860828578516497	0.3526206538661131	LiftOn_chaining_algorithm	frameshift;stop_codon_gain
CM033170.1	4605124	4714329	rna-XM_026445825.1	0.0871202611097163	0.0864474339810662	0.3497524107375553	LiftOn_chaining_algorithm	frameshift;stop_codon_gain
CM033170.1	4605125	4714329	rna-XM_026445826.1	0.0871640291384074	0.0866633366633366	0.3494132985658409	LiftOn_chaining_algorithm	frameshift;stop_codon_gain
CM033170.1	4605125	4714329	rna-XM_026445827.1	0.0874055415617128	0.0869020786376158	0.3475418410041841	LiftOn_chaining_algorithm	frameshift;stop_codon_gain
CM033170.1	4605124	4714329	rna-XM_026445828.1	0.0875599293464547	0.086880320480721	0.3463452973539428	LiftOn_chaining_algorithm	frameshift;stop_codon_gain
CM033170.1	4605124	4714329	rna-XM_026445829.1	0.0878036437246963	0.0871202611097163	0.3444561219127693	LiftOn_chaining_algorithm	frameshift;stop_codon_gain
CM033170.1	4605125	4714329	rna-XM_026445830.1	0.0878481012658227	0.0873395419078781	0.3441114616193481	LiftOn_chaining_algorithm	frameshift;stop_codon_gain
CM033170.1	4605125	4714329	rna-XM_026445831.1	0.0881157948197054	0.0876041403685937	0.3420358649789029	LiftOn_chaining_algorithm	frameshift;stop_codon_gain
CM033170.1	6254094	6263601	rna-XM_016917011.1	0.0174854288093255	0.0174854288093255	0.8246268656716418	LiftOn_chaining_algorithm	frameshift;stop_codon_gain
JAHGQF010000025.1	50909	56895	rna-XM_016912828.2	0.0739957716701902	0.9937965260545906	0.996273291925466	LiftOn_chaining_algorithm	frameshift;stop_codon_gain
JAHGQF010000025.1	50909	56895	rna-XM_016912829.2	0.0763358778625954	0.9937027707808564	0.996216897856242	LiftOn_chaining_algorithm	frameshift;stop_codon_gain
JAHGQF010000025.1	50909	56895	rna-XM_016912830.2	0.0352422907488986	0.9934895833333334	0.9960886571056062	LiftOn_chaining_algorithm	frameshift;stop_codon_gain
JAHGQF010000025.1	50909	56895	rna-XM_026441170.1	0.0739957716701902	0.9937965260545906	0.996273291925466	LiftOn_chaining_algorithm	inframe_deletion;stop_codon_gain
JAHGQF010000026.1	814746	815300	rna-XM_026444925.1	0.0404624277456647	0.0	0.3988439306358382	Liftoff_truncated	frameshift;start_lost;stop_codon_gain
JAHGQF010000026.1	814746	815310	rna-XM_026444926.1	0.0404624277456647	0.0	0.3988439306358382	Liftoff_truncated	frameshift;start_lost;stop_codon_gain
JAHGQF010000026.1	814746	815300	rna-XM_026444927.1	0.0335570469798657	0.0	0.4630872483221476	Liftoff_truncated	frameshift;start_lost;stop_codon_gain
JAHGQF010000026.1	3572176	3573183	rna-KEF36_p12	0.0074349442379182	0.0	0.0287907869481765	Liftoff_truncated	frameshift;stop_codon_gain
CM033155.1	16433552	16435256	rna-XM_026445000.1	0.0	0.2	0.6699507389162561	miniprot_truncated	frameshift;stop_codon_gain
CM033155.1	6416838	6417796	rna-XM_016913582.2	0.0	0.6440677966101694	0.706959706959707	miniprot_truncated	frameshift;stop_codon_gain
CM033155.1	3235742	3237107	rna-XM_026446205.1	0.0	0.0543130990415335	0.8274760383386581	miniprot_truncated	frameshift;stop_codon_gain
CM033161.1	135673	141882	rna-XM_624023.5	0.0	0.993975903614458	0.9979879275653925	miniprot_truncated	frameshift
CM033159.1	3527317	3527658	rna-XM_026440825.1	0.0	0.9824561403508772	1.0	miniprot_truncated	synonymous
CM033162.1	3988275	3991833	rna-XM_016913658.2	0.0	0.1158900836320191	0.7121001390820584	miniprot_truncated	frameshift;stop_codon_gain
CM033162.1	3992429	3994992	rna-XM_395120.7	0.0	0.898176291793313	0.9149922720247295	miniprot_truncated	frameshift;stop_codon_gain
CM033164.1	3145095	3147026	rna-XM_006566007.3	0.0	0.9938461538461538	1.0	miniprot_truncated	synonymous
CM033165.1	1367980	1374505	rna-XM_016915189.2	0.0	0.9659090909090908	0.9771428571428572	miniprot_truncated	frameshift;start_lost
CM033167.1	10120611	10123198	rna-XM_001120513.5	0.0	0.3527980535279805	0.6269430051813472	miniprot_truncated	frameshift;start_lost;stop_codon_gain
CM033168.1	7947559	7949268	rna-XM_026445208.1	0.0	0.9964912280701754	1.0	miniprot_truncated	synonymous
CM033163.1	3411278	3421074	rna-XM_026445834.1	0.0	0.1592156862745098	0.5557553956834532	miniprot_truncated	frameshift;stop_codon_gain
CM033169.1	1452810	1453856	rna-KEF36_p12	0.0	0.0326295585412667	0.053639846743295	miniprot_truncated	frameshift;stop_codon_gain
JAHGQF010000026.1	3582062	3583822	rna-KEF36_p06	0.0	0.0279146141215106	0.0396396396396396	miniprot_truncated	frameshift;stop_codon_gain
JAHGQF010000026.1	3386653	3388413	rna-KEF36_p06	0.0	0.0279146141215106	0.0396396396396396	miniprot_truncated	frameshift;stop_codon_gain
JAHGQF010000026.1	2013411	2014738	rna-KEF36_p05	0.0	0.0669371196754563	0.1004464285714285	miniprot_truncated	frameshift;start_lost;stop_codon_gain